Using pre-set license
Built from '2022.3/staging' branch; Version is '2022.3.47f1 (88c277b85d21) revision 8962679'; Using compiler version '192829333'; Build Type 'Release'
OS: 'Windows 11  (10.0.22631) 64bit CoreSingleLanguage' Language: 'en' Physical Memory: 16163 MB
BatchMode: 1, IsHumanControllingUs: 0, StartBugReporterOnCrash: 0, Is64bit: 1, IsPro: 1

COMMAND LINE ARGUMENTS:
C:\Program Files\Unity\Hub\Editor\2022.3.47f1\Editor\Unity.exe
-adb2
-batchMode
-noUpm
-name
AssetImportWorker0
-projectPath
C:/Users/damha/Downloads/Unity/Brigde_Race/Brigde_Race
-logFile
Logs/AssetImportWorker0.log
-srvPort
52233
Successfully changed project path to: C:/Users/damha/Downloads/Unity/Brigde_Race/Brigde_Race
C:/Users/damha/Downloads/Unity/Brigde_Race/Brigde_Race
[UnityMemory] Configuration Parameters - Can be set up in boot.config
    "memorysetup-bucket-allocator-granularity=16"
    "memorysetup-bucket-allocator-bucket-count=8"
    "memorysetup-bucket-allocator-block-size=33554432"
    "memorysetup-bucket-allocator-block-count=8"
    "memorysetup-main-allocator-block-size=16777216"
    "memorysetup-thread-allocator-block-size=16777216"
    "memorysetup-gfx-main-allocator-block-size=16777216"
    "memorysetup-gfx-thread-allocator-block-size=16777216"
    "memorysetup-cache-allocator-block-size=4194304"
    "memorysetup-typetree-allocator-block-size=2097152"
    "memorysetup-profiler-bucket-allocator-granularity=16"
    "memorysetup-profiler-bucket-allocator-bucket-count=8"
    "memorysetup-profiler-bucket-allocator-block-size=33554432"
    "memorysetup-profiler-bucket-allocator-block-count=8"
    "memorysetup-profiler-allocator-block-size=16777216"
    "memorysetup-profiler-editor-allocator-block-size=1048576"
    "memorysetup-temp-allocator-size-main=16777216"
    "memorysetup-job-temp-allocator-block-size=2097152"
    "memorysetup-job-temp-allocator-block-size-background=1048576"
    "memorysetup-job-temp-allocator-reduction-small-platforms=262144"
    "memorysetup-allocator-temp-initial-block-size-main=262144"
    "memorysetup-allocator-temp-initial-block-size-worker=262144"
    "memorysetup-temp-allocator-size-background-worker=32768"
    "memorysetup-temp-allocator-size-job-worker=262144"
    "memorysetup-temp-allocator-size-preload-manager=33554432"
    "memorysetup-temp-allocator-size-nav-mesh-worker=65536"
    "memorysetup-temp-allocator-size-audio-worker=65536"
    "memorysetup-temp-allocator-size-cloud-worker=32768"
    "memorysetup-temp-allocator-size-gi-baking-worker=262144"
    "memorysetup-temp-allocator-size-gfx=262144"
Player connection [21012]  Target information:

Player connection [21012]  * "[IP] 192.168.0.8 [Port] 0 [Flags] 2 [Guid] 1139557583 [EditorId] 1139557583 [Version] 1048832 [Id] WindowsEditor(7,HAO0211) [Debug] 1 [PackageName] WindowsEditor [ProjectName] Editor" 

Player connection [21012] Host joined multi-casting on [225.0.0.222:54997]...
Player connection [21012] Host joined alternative multi-casting on [225.0.0.222:34997]...
[PhysX] Initialized MultithreadedTaskDispatcher with 16 workers.
Refreshing native plugins compatible for Editor in 7.03 ms, found 3 plugins.
Preloading 0 native plugins for Editor in 0.00 ms.
Initialize engine version: 2022.3.47f1 (88c277b85d21)
[Subsystems] Discovering subsystems at path C:/Program Files/Unity/Hub/Editor/2022.3.47f1/Editor/Data/Resources/UnitySubsystems
[Subsystems] Discovering subsystems at path C:/Users/damha/Downloads/Unity/Brigde_Race/Brigde_Race/Assets
GfxDevice: creating device client; threaded=0; jobified=0
Direct3D:
    Version:  Direct3D 11.0 [level 11.1]
    Renderer: NVIDIA GeForce RTX 3050 Ti Laptop GPU (ID=0x25a0)
    Vendor:   NVIDIA
    VRAM:     3990 MB
    Driver:   27.21.14.6275
Initialize mono
Mono path[0] = 'C:/Program Files/Unity/Hub/Editor/2022.3.47f1/Editor/Data/Managed'
Mono path[1] = 'C:/Program Files/Unity/Hub/Editor/2022.3.47f1/Editor/Data/MonoBleedingEdge/lib/mono/unityjit-win32'
Mono config path = 'C:/Program Files/Unity/Hub/Editor/2022.3.47f1/Editor/Data/MonoBleedingEdge/etc'
Using monoOptions --debugger-agent=transport=dt_socket,embedding=1,server=y,suspend=n,address=127.0.0.1:56656
Begin MonoManager ReloadAssembly
Registering precompiled unity dll's ...
Register platform support module: C:/Program Files/Unity/Hub/Editor/2022.3.47f1/Editor/Data/PlaybackEngines/AndroidPlayer/UnityEditor.Android.Extensions.dll
Register platform support module: C:/Program Files/Unity/Hub/Editor/2022.3.47f1/Editor/Data/PlaybackEngines/WindowsStandaloneSupport/UnityEditor.WindowsStandalone.Extensions.dll
Registered in 0.007462 seconds.
- Loaded All Assemblies, in  0.408 seconds
Native extension for WindowsStandalone target not found
Native extension for Android target not found
Android Extension - Scanning For ADB Devices 229 ms
Mono: successfully reloaded assembly
- Finished resetting the current domain, in  0.523 seconds
Domain Reload Profiling: 930ms
	BeginReloadAssembly (104ms)
		ExecutionOrderSort (0ms)
		DisableScriptedObjects (0ms)
		BackupInstance (0ms)
		ReleaseScriptingObjects (0ms)
		CreateAndSetChildDomain (1ms)
	RebuildCommonClasses (37ms)
	RebuildNativeTypeToScriptingClass (25ms)
	initialDomainReloadingComplete (62ms)
	LoadAllAssembliesAndSetupDomain (178ms)
		LoadAssemblies (102ms)
		RebuildTransferFunctionScriptingTraits (0ms)
		AnalyzeDomain (176ms)
			TypeCache.Refresh (175ms)
				TypeCache.ScanAssembly (160ms)
			ScanForSourceGeneratedMonoScriptInfo (0ms)
			ResolveRequiredComponents (0ms)
	FinalizeReload (523ms)
		ReleaseScriptCaches (0ms)
		RebuildScriptCaches (0ms)
		SetupLoadedEditorAssemblies (478ms)
			LogAssemblyErrors (0ms)
			InitializePlatformSupportModulesInManaged (325ms)
			SetLoadedEditorAssemblies (4ms)
			RefreshPlugins (0ms)
			BeforeProcessingInitializeOnLoad (2ms)
			ProcessInitializeOnLoadAttributes (107ms)
			ProcessInitializeOnLoadMethodAttributes (40ms)
			AfterProcessingInitializeOnLoad (0ms)
			EditorAssembliesLoaded (0ms)
		ExecutionOrderSort2 (0ms)
		AwakeInstancesAfterBackupRestoration (0ms)
========================================================================
Worker process is ready to serve import requests
Caller must complete domain reload
Begin MonoManager ReloadAssembly
- Loaded All Assemblies, in  0.547 seconds
Native extension for WindowsStandalone target not found
Native extension for Android target not found
Mono: successfully reloaded assembly
- Finished resetting the current domain, in  0.573 seconds
Domain Reload Profiling: 1118ms
	BeginReloadAssembly (141ms)
		ExecutionOrderSort (0ms)
		DisableScriptedObjects (5ms)
		BackupInstance (0ms)
		ReleaseScriptingObjects (0ms)
		CreateAndSetChildDomain (22ms)
	RebuildCommonClasses (37ms)
	RebuildNativeTypeToScriptingClass (10ms)
	initialDomainReloadingComplete (38ms)
	LoadAllAssembliesAndSetupDomain (320ms)
		LoadAssemblies (228ms)
		RebuildTransferFunctionScriptingTraits (0ms)
		AnalyzeDomain (165ms)
			TypeCache.Refresh (148ms)
				TypeCache.ScanAssembly (127ms)
			ScanForSourceGeneratedMonoScriptInfo (12ms)
			ResolveRequiredComponents (4ms)
	FinalizeReload (573ms)
		ReleaseScriptCaches (0ms)
		RebuildScriptCaches (0ms)
		SetupLoadedEditorAssemblies (433ms)
			LogAssemblyErrors (0ms)
			InitializePlatformSupportModulesInManaged (19ms)
			SetLoadedEditorAssemblies (4ms)
			RefreshPlugins (0ms)
			BeforeProcessingInitializeOnLoad (53ms)
			ProcessInitializeOnLoadAttributes (336ms)
			ProcessInitializeOnLoadMethodAttributes (18ms)
			AfterProcessingInitializeOnLoad (4ms)
			EditorAssembliesLoaded (0ms)
		ExecutionOrderSort2 (0ms)
		AwakeInstancesAfterBackupRestoration (5ms)
Launched and connected shader compiler UnityShaderCompiler.exe after 0.03 seconds
Refreshing native plugins compatible for Editor in 2.57 ms, found 3 plugins.
Preloading 0 native plugins for Editor in 0.00 ms.
Unloading 3117 Unused Serialized files (Serialized files now loaded: 0)
Unloading 19 unused Assets / (54.9 KB). Loaded Objects now: 3586.
Memory consumption went from 119.1 MB to 119.1 MB.
Total: 2.948000 ms (FindLiveObjects: 0.223700 ms CreateObjectMapping: 0.079200 ms MarkObjects: 2.541000 ms  DeleteObjects: 0.103200 ms)

AssetImportParameters requested are different than current active one (requested -> active):
  custom:container-demuxer-ogg: 62fdf1f143b41e24485cea50d1cbac27 -> 
  custom:video-codec-MediaFoundation-h265: 746d11721c4dcdbdad8f713fa42b33f4 -> 
  custom:video-decoder-ogg-theora: a1e56fd34408186e4bbccfd4996cb3dc -> 
  custom:framework-win-MediaFoundation: 216162199b28c13a410421893ffa2e32 -> 
  custom:CustomObjectIndexerAttribute: 9a22284fe3817be447336de3de66b15e -> 
  custom:container-demuxer-webm: 4f35f7cbe854078d1ac9338744f61a02 -> 
  custom:container-muxer-webm: aa71ff27fc2769a1b78a27578f13a17b -> 
  custom:video-decoder-webm-vp8: 9c59270c3fd7afecdb556c50c9e8de78 -> 
  custom:SearchIndexIgnoredProperties: e643bd26f0fe6173181afceb89e7c659 -> 
  custom:AudioImporter_EditorPlatform: d09bf68614088b80899f8185d706f6e7 -> 
  custom:video-encoder-webm-vp8: eb34c28f22e8b96e1ab97ce403110664 -> 
  custom:audio-decoder-ogg-vorbis: bf7c407c2cedff20999df2af8eb42d56 -> 
  custom:audio-encoder-webm-vorbis: bf7c407c2cedff20999df2af8eb42d56 -> 
  custom:scripting/precompiled-assembly-types:Assembly-CSharp: 840bc1af028cfe81f0a5cce9c97f5b73 -> 4f00341341029b3e0e5b69341db515f6
  custom:scripting/monoscript/fileName/FileManage.cs:  -> 5e4acff774afca1ded62d5517c512ff1
========================================================================
Received Prepare
Caller must complete domain reload
Begin MonoManager ReloadAssembly
- Loaded All Assemblies, in  0.392 seconds
Native extension for WindowsStandalone target not found
Native extension for Android target not found
Mono: successfully reloaded assembly
- Finished resetting the current domain, in  0.897 seconds
Domain Reload Profiling: 1287ms
	BeginReloadAssembly (152ms)
		ExecutionOrderSort (0ms)
		DisableScriptedObjects (4ms)
		BackupInstance (0ms)
		ReleaseScriptingObjects (0ms)
		CreateAndSetChildDomain (32ms)
	RebuildCommonClasses (31ms)
	RebuildNativeTypeToScriptingClass (17ms)
	initialDomainReloadingComplete (26ms)
	LoadAllAssembliesAndSetupDomain (164ms)
		LoadAssemblies (240ms)
		RebuildTransferFunctionScriptingTraits (0ms)
		AnalyzeDomain (14ms)
			TypeCache.Refresh (6ms)
				TypeCache.ScanAssembly (0ms)
			ScanForSourceGeneratedMonoScriptInfo (0ms)
			ResolveRequiredComponents (6ms)
	FinalizeReload (897ms)
		ReleaseScriptCaches (0ms)
		RebuildScriptCaches (0ms)
		SetupLoadedEditorAssemblies (457ms)
			LogAssemblyErrors (0ms)
			InitializePlatformSupportModulesInManaged (21ms)
			SetLoadedEditorAssemblies (5ms)
			RefreshPlugins (0ms)
			BeforeProcessingInitializeOnLoad (61ms)
			ProcessInitializeOnLoadAttributes (343ms)
			ProcessInitializeOnLoadMethodAttributes (22ms)
			AfterProcessingInitializeOnLoad (5ms)
			EditorAssembliesLoaded (0ms)
		ExecutionOrderSort2 (0ms)
		AwakeInstancesAfterBackupRestoration (10ms)
Refreshing native plugins compatible for Editor in 2.89 ms, found 3 plugins.
Preloading 0 native plugins for Editor in 0.00 ms.
Unloading 3110 Unused Serialized files (Serialized files now loaded: 0)
Unloading 14 unused Assets / (28.5 KB). Loaded Objects now: 3589.
Memory consumption went from 118.3 MB to 118.2 MB.
Total: 2.895500 ms (FindLiveObjects: 0.301300 ms CreateObjectMapping: 0.102700 ms MarkObjects: 2.442300 ms  DeleteObjects: 0.048000 ms)

Prepare: number of updated asset objects reloaded= 0
AssetImportParameters requested are different than current active one (requested -> active):
  custom:container-demuxer-ogg: 62fdf1f143b41e24485cea50d1cbac27 -> 
  custom:scripting/monoscript/fileName/JoystickPlayerExample.cs: b49ed73c06895c00887fd43b2fe13656 -> 2ec96b3abad264f4393a91b76b487cb7
  custom:scripting/monoscript/fileName/JoystickSetterExample.cs: 959f5a79520f07bdb5268f1ee0033001 -> 9ef810522df7cdd512f52a98ae7a04f9
  custom:video-codec-MediaFoundation-h265: 746d11721c4dcdbdad8f713fa42b33f4 -> 
  custom:video-decoder-ogg-theora: a1e56fd34408186e4bbccfd4996cb3dc -> 
  custom:scripting/monoscript/fileName/Ground.cs: 7415901f32c2a0c2fffe55ebf317a3a1 -> 280fef7541238b592d97063dffe109df
  custom:scripting/monoscript/fileName/SpawnBricks.cs: 0295cec3861e916e23a84d166a9927fb -> 582053d9acf820d5a958c8b726272972
  custom:framework-win-MediaFoundation: 216162199b28c13a410421893ffa2e32 -> 
  custom:scripting/monoscript/fileName/DynamicJoystick.cs: 0ab293606d3fa5fd65cbd65e1d06c400 -> fa6fdbd0de9beec4a70bc764c26bb796
  custom:CustomObjectIndexerAttribute: 9a22284fe3817be447336de3de66b15e -> 
  custom:container-demuxer-webm: 4f35f7cbe854078d1ac9338744f61a02 -> 
  custom:scripting/monoscript/fileName/FloatingJoystick.cs: 5ad2d6fd170f0b909c85d006ae763629 -> 516035e2342d093d90fb2bd11ff41e68
  custom:scripting/monoscript/fileName/CameraFollow.cs: f056d39a9671ab128d63c9d9e2ecd81c -> de990732cc429467f8f49571d0872163
  custom:container-muxer-webm: aa71ff27fc2769a1b78a27578f13a17b -> 
  custom:video-decoder-webm-vp8: 9c59270c3fd7afecdb556c50c9e8de78 -> 
  custom:SearchIndexIgnoredProperties: e643bd26f0fe6173181afceb89e7c659 -> 
  custom:AudioImporter_EditorPlatform: d09bf68614088b80899f8185d706f6e7 -> 
  custom:scripting/monoscript/fileName/Brick.cs: 8cb9078d1f2598bc7f04e3199315eb0f -> 60161998205bced4ef4cac3bf3df916a
  custom:scripting/monoscript/fileName/JoyStick.cs: 1851da0892d1309863d641cabde99ad3 -> 8ba6cfcd63d331fc66b98b069b66096e
  custom:video-encoder-webm-vp8: eb34c28f22e8b96e1ab97ce403110664 -> 
  custom:audio-decoder-ogg-vorbis: bf7c407c2cedff20999df2af8eb42d56 -> 
  custom:scripting/monoscript/fileName/VariableJoystick.cs: 39f03dc32328afe11ebf2977b1593dda -> 6a21e483212ef280c767be5522709419
  custom:scripting/monoscript/fileName/FixedJoystick.cs: 475c6e1ca66c78aed6c49f6039c5734b -> ceaced0056a716bd82a85e0f3d488361
  custom:scripting/monoscript/fileName/Joystick.cs: efd34e62618f1aa62f745acbb935ce75 -> c13c665079b3ba178e3a8ef05c62070b
  custom:scripting/monoscript/fileName/Player.cs: 5bb3fdd25abedb90511c7231fb5a2164 -> 007e2e63cbf915a2b71612a7f593548a
  custom:audio-encoder-webm-vorbis: bf7c407c2cedff20999df2af8eb42d56 -> 
========================================================================
Received Import Request.
  Time since last request: 11623.304804 seconds.
  path: Assets/_Game/Scripts/FileManage.cs
  artifactKey: Guid(fc90a44a32bfda14a9244782f47b8665) Importer(815301076,1909f56bfc062723c751e8b465ee728b)
Start importing Assets/_Game/Scripts/FileManage.cs using Guid(fc90a44a32bfda14a9244782f47b8665) Importer(815301076,1909f56bfc062723c751e8b465ee728b) [PhysX] Initialized MultithreadedTaskDispatcher with 16 workers.
 -> (artifact id: 'f786d14c028851c09a863e544984cad3') in 0.003287 seconds
Number of updated asset objects reloaded before import = 0
Number of asset objects unloaded after import = 0
========================================================================
Received Prepare
Caller must complete domain reload
Begin MonoManager ReloadAssembly
- Loaded All Assemblies, in  0.409 seconds
Native extension for WindowsStandalone target not found
Native extension for Android target not found
Mono: successfully reloaded assembly
- Finished resetting the current domain, in  0.855 seconds
Domain Reload Profiling: 1263ms
	BeginReloadAssembly (135ms)
		ExecutionOrderSort (0ms)
		DisableScriptedObjects (4ms)
		BackupInstance (0ms)
		ReleaseScriptingObjects (0ms)
		CreateAndSetChildDomain (30ms)
	RebuildCommonClasses (39ms)
	RebuildNativeTypeToScriptingClass (10ms)
	initialDomainReloadingComplete (27ms)
	LoadAllAssembliesAndSetupDomain (196ms)
		LoadAssemblies (249ms)
		RebuildTransferFunctionScriptingTraits (0ms)
		AnalyzeDomain (22ms)
			TypeCache.Refresh (10ms)
				TypeCache.ScanAssembly (1ms)
			ScanForSourceGeneratedMonoScriptInfo (6ms)
			ResolveRequiredComponents (4ms)
	FinalizeReload (856ms)
		ReleaseScriptCaches (0ms)
		RebuildScriptCaches (0ms)
		SetupLoadedEditorAssemblies (442ms)
			LogAssemblyErrors (0ms)
			InitializePlatformSupportModulesInManaged (17ms)
			SetLoadedEditorAssemblies (5ms)
			RefreshPlugins (0ms)
			BeforeProcessingInitializeOnLoad (60ms)
			ProcessInitializeOnLoadAttributes (334ms)
			ProcessInitializeOnLoadMethodAttributes (21ms)
			AfterProcessingInitializeOnLoad (6ms)
			EditorAssembliesLoaded (0ms)
		ExecutionOrderSort2 (0ms)
		AwakeInstancesAfterBackupRestoration (5ms)
Refreshing native plugins compatible for Editor in 3.14 ms, found 3 plugins.
Preloading 0 native plugins for Editor in 0.00 ms.
Unloading 3109 Unused Serialized files (Serialized files now loaded: 0)
Unloading 14 unused Assets / (28.5 KB). Loaded Objects now: 3592.
Memory consumption went from 118.0 MB to 118.0 MB.
Total: 3.188500 ms (FindLiveObjects: 0.274200 ms CreateObjectMapping: 0.181500 ms MarkObjects: 2.685200 ms  DeleteObjects: 0.046400 ms)

Prepare: number of updated asset objects reloaded= 0
AssetImportParameters requested are different than current active one (requested -> active):
  custom:container-demuxer-ogg: 62fdf1f143b41e24485cea50d1cbac27 -> 
  custom:scripting/monoscript/fileName/JoystickPlayerExample.cs: b49ed73c06895c00887fd43b2fe13656 -> 2ec96b3abad264f4393a91b76b487cb7
  custom:scripting/monoscript/fileName/JoystickSetterExample.cs: 959f5a79520f07bdb5268f1ee0033001 -> 9ef810522df7cdd512f52a98ae7a04f9
  custom:video-codec-MediaFoundation-h265: 746d11721c4dcdbdad8f713fa42b33f4 -> 
  custom:video-decoder-ogg-theora: a1e56fd34408186e4bbccfd4996cb3dc -> 
  custom:scripting/monoscript/fileName/Ground.cs: 7415901f32c2a0c2fffe55ebf317a3a1 -> 280fef7541238b592d97063dffe109df
  custom:scripting/monoscript/fileName/SpawnBricks.cs: 0295cec3861e916e23a84d166a9927fb -> 582053d9acf820d5a958c8b726272972
  custom:framework-win-MediaFoundation: 216162199b28c13a410421893ffa2e32 -> 
  custom:scripting/monoscript/fileName/DynamicJoystick.cs: 0ab293606d3fa5fd65cbd65e1d06c400 -> fa6fdbd0de9beec4a70bc764c26bb796
  custom:CustomObjectIndexerAttribute: 9a22284fe3817be447336de3de66b15e -> 
  custom:container-demuxer-webm: 4f35f7cbe854078d1ac9338744f61a02 -> 
  custom:scripting/monoscript/fileName/FloatingJoystick.cs: 5ad2d6fd170f0b909c85d006ae763629 -> 516035e2342d093d90fb2bd11ff41e68
  custom:scripting/monoscript/fileName/CameraFollow.cs: f056d39a9671ab128d63c9d9e2ecd81c -> de990732cc429467f8f49571d0872163
  custom:container-muxer-webm: aa71ff27fc2769a1b78a27578f13a17b -> 
  custom:video-decoder-webm-vp8: 9c59270c3fd7afecdb556c50c9e8de78 -> 
  custom:SearchIndexIgnoredProperties: e643bd26f0fe6173181afceb89e7c659 -> 
  custom:AudioImporter_EditorPlatform: d09bf68614088b80899f8185d706f6e7 -> 
  custom:scripting/monoscript/fileName/Brick.cs: 8cb9078d1f2598bc7f04e3199315eb0f -> 60161998205bced4ef4cac3bf3df916a
  custom:scripting/monoscript/fileName/JoyStick.cs: 1851da0892d1309863d641cabde99ad3 -> 8ba6cfcd63d331fc66b98b069b66096e
  custom:video-encoder-webm-vp8: eb34c28f22e8b96e1ab97ce403110664 -> 
  custom:audio-decoder-ogg-vorbis: bf7c407c2cedff20999df2af8eb42d56 -> 
  custom:scripting/monoscript/fileName/VariableJoystick.cs: 39f03dc32328afe11ebf2977b1593dda -> 6a21e483212ef280c767be5522709419
  custom:scripting/monoscript/fileName/FixedJoystick.cs: 475c6e1ca66c78aed6c49f6039c5734b -> ceaced0056a716bd82a85e0f3d488361
  custom:scripting/monoscript/fileName/Joystick.cs: efd34e62618f1aa62f745acbb935ce75 -> c13c665079b3ba178e3a8ef05c62070b
  custom:scripting/monoscript/fileName/Player.cs: 5bb3fdd25abedb90511c7231fb5a2164 -> 007e2e63cbf915a2b71612a7f593548a
  custom:audio-encoder-webm-vorbis: bf7c407c2cedff20999df2af8eb42d56 -> 
  custom:scripting/precompiled-assembly-types:Assembly-CSharp: 165f8608aa313c606758747478f65247 -> 4f00341341029b3e0e5b69341db515f6
  custom:scripting/monoscript/fileName/FileManage.cs: 654bff12d025ad4ef5eb780309a60f79 -> 5e4acff774afca1ded62d5517c512ff1
========================================================================
Received Import Request.
  Time since last request: 7.070233 seconds.
  path: Assets/_Game/Scripts/FileManage.cs
  artifactKey: Guid(fc90a44a32bfda14a9244782f47b8665) Importer(815301076,1909f56bfc062723c751e8b465ee728b)
Start importing Assets/_Game/Scripts/FileManage.cs using Guid(fc90a44a32bfda14a9244782f47b8665) Importer(815301076,1909f56bfc062723c751e8b465ee728b) [PhysX] Initialized MultithreadedTaskDispatcher with 16 workers.
 -> (artifact id: '9265e61533372d40f8025ec9c37bce3e') in 0.002019 seconds
Number of updated asset objects reloaded before import = 0
Number of asset objects unloaded after import = 0
========================================================================
Received Prepare
Caller must complete domain reload
Begin MonoManager ReloadAssembly
- Loaded All Assemblies, in  0.429 seconds
Native extension for WindowsStandalone target not found
Native extension for Android target not found
Mono: successfully reloaded assembly
- Finished resetting the current domain, in  0.801 seconds
Domain Reload Profiling: 1229ms
	BeginReloadAssembly (156ms)
		ExecutionOrderSort (0ms)
		DisableScriptedObjects (4ms)
		BackupInstance (0ms)
		ReleaseScriptingObjects (0ms)
		CreateAndSetChildDomain (32ms)
	RebuildCommonClasses (45ms)
	RebuildNativeTypeToScriptingClass (16ms)
	initialDomainReloadingComplete (24ms)
	LoadAllAssembliesAndSetupDomain (186ms)
		LoadAssemblies (249ms)
		RebuildTransferFunctionScriptingTraits (0ms)
		AnalyzeDomain (27ms)
			TypeCache.Refresh (10ms)
				TypeCache.ScanAssembly (0ms)
			ScanForSourceGeneratedMonoScriptInfo (8ms)
			ResolveRequiredComponents (7ms)
	FinalizeReload (802ms)
		ReleaseScriptCaches (0ms)
		RebuildScriptCaches (0ms)
		SetupLoadedEditorAssemblies (419ms)
			LogAssemblyErrors (0ms)
			InitializePlatformSupportModulesInManaged (16ms)
			SetLoadedEditorAssemblies (5ms)
			RefreshPlugins (0ms)
			BeforeProcessingInitializeOnLoad (58ms)
			ProcessInitializeOnLoadAttributes (319ms)
			ProcessInitializeOnLoadMethodAttributes (18ms)
			AfterProcessingInitializeOnLoad (4ms)
			EditorAssembliesLoaded (0ms)
		ExecutionOrderSort2 (0ms)
		AwakeInstancesAfterBackupRestoration (5ms)
Refreshing native plugins compatible for Editor in 2.85 ms, found 3 plugins.
Preloading 0 native plugins for Editor in 0.00 ms.
Unloading 3109 Unused Serialized files (Serialized files now loaded: 0)
Unloading 14 unused Assets / (28.5 KB). Loaded Objects now: 3595.
Memory consumption went from 118.0 MB to 118.0 MB.
Total: 3.228100 ms (FindLiveObjects: 0.222400 ms CreateObjectMapping: 0.094100 ms MarkObjects: 2.855400 ms  DeleteObjects: 0.055300 ms)

Prepare: number of updated asset objects reloaded= 0
AssetImportParameters requested are different than current active one (requested -> active):
  custom:container-demuxer-ogg: 62fdf1f143b41e24485cea50d1cbac27 -> 
  custom:scripting/monoscript/fileName/JoystickPlayerExample.cs: b49ed73c06895c00887fd43b2fe13656 -> 2ec96b3abad264f4393a91b76b487cb7
  custom:scripting/monoscript/fileName/JoystickSetterExample.cs: 959f5a79520f07bdb5268f1ee0033001 -> 9ef810522df7cdd512f52a98ae7a04f9
  custom:video-codec-MediaFoundation-h265: 746d11721c4dcdbdad8f713fa42b33f4 -> 
  custom:video-decoder-ogg-theora: a1e56fd34408186e4bbccfd4996cb3dc -> 
  custom:scripting/monoscript/fileName/Ground.cs: 7415901f32c2a0c2fffe55ebf317a3a1 -> 280fef7541238b592d97063dffe109df
  custom:scripting/monoscript/fileName/SpawnBricks.cs: 0295cec3861e916e23a84d166a9927fb -> 582053d9acf820d5a958c8b726272972
  custom:framework-win-MediaFoundation: 216162199b28c13a410421893ffa2e32 -> 
  custom:scripting/monoscript/fileName/DynamicJoystick.cs: 0ab293606d3fa5fd65cbd65e1d06c400 -> fa6fdbd0de9beec4a70bc764c26bb796
  custom:CustomObjectIndexerAttribute: 9a22284fe3817be447336de3de66b15e -> 
  custom:container-demuxer-webm: 4f35f7cbe854078d1ac9338744f61a02 -> 
  custom:scripting/monoscript/fileName/FloatingJoystick.cs: 5ad2d6fd170f0b909c85d006ae763629 -> 516035e2342d093d90fb2bd11ff41e68
  custom:scripting/monoscript/fileName/CameraFollow.cs: f056d39a9671ab128d63c9d9e2ecd81c -> de990732cc429467f8f49571d0872163
  custom:container-muxer-webm: aa71ff27fc2769a1b78a27578f13a17b -> 
  custom:video-decoder-webm-vp8: 9c59270c3fd7afecdb556c50c9e8de78 -> 
  custom:SearchIndexIgnoredProperties: e643bd26f0fe6173181afceb89e7c659 -> 
  custom:AudioImporter_EditorPlatform: d09bf68614088b80899f8185d706f6e7 -> 
  custom:scripting/monoscript/fileName/Brick.cs: 8cb9078d1f2598bc7f04e3199315eb0f -> 60161998205bced4ef4cac3bf3df916a
  custom:scripting/monoscript/fileName/JoyStick.cs: 1851da0892d1309863d641cabde99ad3 -> 8ba6cfcd63d331fc66b98b069b66096e
  custom:video-encoder-webm-vp8: eb34c28f22e8b96e1ab97ce403110664 -> 
  custom:audio-decoder-ogg-vorbis: bf7c407c2cedff20999df2af8eb42d56 -> 
  custom:scripting/monoscript/fileName/VariableJoystick.cs: 39f03dc32328afe11ebf2977b1593dda -> 6a21e483212ef280c767be5522709419
  custom:scripting/monoscript/fileName/FixedJoystick.cs: 475c6e1ca66c78aed6c49f6039c5734b -> ceaced0056a716bd82a85e0f3d488361
  custom:scripting/monoscript/fileName/Joystick.cs: efd34e62618f1aa62f745acbb935ce75 -> c13c665079b3ba178e3a8ef05c62070b
  custom:scripting/monoscript/fileName/Player.cs: 5bb3fdd25abedb90511c7231fb5a2164 -> 007e2e63cbf915a2b71612a7f593548a
  custom:audio-encoder-webm-vorbis: bf7c407c2cedff20999df2af8eb42d56 -> 
  custom:scripting/precompiled-assembly-types:Assembly-CSharp: 21da9031559f947901a3167274d6f168 -> 4f00341341029b3e0e5b69341db515f6
  custom:scripting/monoscript/fileName/FileManage.cs: 46d5425b84624908bde772e6d8bcbe92 -> 5e4acff774afca1ded62d5517c512ff1
========================================================================
Received Prepare
Caller must complete domain reload
Begin MonoManager ReloadAssembly
- Loaded All Assemblies, in  0.335 seconds
Native extension for WindowsStandalone target not found
Native extension for Android target not found
Mono: successfully reloaded assembly
- Finished resetting the current domain, in  0.772 seconds
Domain Reload Profiling: 1106ms
	BeginReloadAssembly (125ms)
		ExecutionOrderSort (0ms)
		DisableScriptedObjects (3ms)
		BackupInstance (0ms)
		ReleaseScriptingObjects (0ms)
		CreateAndSetChildDomain (32ms)
	RebuildCommonClasses (27ms)
	RebuildNativeTypeToScriptingClass (9ms)
	initialDomainReloadingComplete (23ms)
	LoadAllAssembliesAndSetupDomain (151ms)
		LoadAssemblies (201ms)
		RebuildTransferFunctionScriptingTraits (0ms)
		AnalyzeDomain (13ms)
			TypeCache.Refresh (6ms)
				TypeCache.ScanAssembly (0ms)
			ScanForSourceGeneratedMonoScriptInfo (0ms)
			ResolveRequiredComponents (5ms)
	FinalizeReload (773ms)
		ReleaseScriptCaches (0ms)
		RebuildScriptCaches (0ms)
		SetupLoadedEditorAssemblies (414ms)
			LogAssemblyErrors (0ms)
			InitializePlatformSupportModulesInManaged (15ms)
			SetLoadedEditorAssemblies (4ms)
			RefreshPlugins (0ms)
			BeforeProcessingInitializeOnLoad (51ms)
			ProcessInitializeOnLoadAttributes (317ms)
			ProcessInitializeOnLoadMethodAttributes (21ms)
			AfterProcessingInitializeOnLoad (5ms)
			EditorAssembliesLoaded (0ms)
		ExecutionOrderSort2 (0ms)
		AwakeInstancesAfterBackupRestoration (7ms)
Refreshing native plugins compatible for Editor in 2.31 ms, found 3 plugins.
Preloading 0 native plugins for Editor in 0.00 ms.
Unloading 3110 Unused Serialized files (Serialized files now loaded: 0)
Unloading 14 unused Assets / (28.5 KB). Loaded Objects now: 3598.
Memory consumption went from 118.3 MB to 118.3 MB.
Total: 2.413500 ms (FindLiveObjects: 0.217300 ms CreateObjectMapping: 0.080800 ms MarkObjects: 2.074200 ms  DeleteObjects: 0.039800 ms)

Prepare: number of updated asset objects reloaded= 0
AssetImportParameters requested are different than current active one (requested -> active):
  custom:container-demuxer-ogg: 62fdf1f143b41e24485cea50d1cbac27 -> 
  custom:scripting/monoscript/fileName/JoystickPlayerExample.cs: b49ed73c06895c00887fd43b2fe13656 -> 2ec96b3abad264f4393a91b76b487cb7
  custom:scripting/monoscript/fileName/JoystickSetterExample.cs: 959f5a79520f07bdb5268f1ee0033001 -> 9ef810522df7cdd512f52a98ae7a04f9
  custom:video-codec-MediaFoundation-h265: 746d11721c4dcdbdad8f713fa42b33f4 -> 
  custom:video-decoder-ogg-theora: a1e56fd34408186e4bbccfd4996cb3dc -> 
  custom:scripting/monoscript/fileName/Ground.cs: 7415901f32c2a0c2fffe55ebf317a3a1 -> 280fef7541238b592d97063dffe109df
  custom:scripting/monoscript/fileName/SpawnBricks.cs: 0295cec3861e916e23a84d166a9927fb -> 582053d9acf820d5a958c8b726272972
  custom:framework-win-MediaFoundation: 216162199b28c13a410421893ffa2e32 -> 
  custom:scripting/monoscript/fileName/DynamicJoystick.cs: 0ab293606d3fa5fd65cbd65e1d06c400 -> fa6fdbd0de9beec4a70bc764c26bb796
  custom:CustomObjectIndexerAttribute: 9a22284fe3817be447336de3de66b15e -> 
  custom:container-demuxer-webm: 4f35f7cbe854078d1ac9338744f61a02 -> 
  custom:scripting/monoscript/fileName/FloatingJoystick.cs: 5ad2d6fd170f0b909c85d006ae763629 -> 516035e2342d093d90fb2bd11ff41e68
  custom:scripting/monoscript/fileName/CameraFollow.cs: f056d39a9671ab128d63c9d9e2ecd81c -> de990732cc429467f8f49571d0872163
  custom:container-muxer-webm: aa71ff27fc2769a1b78a27578f13a17b -> 
  custom:video-decoder-webm-vp8: 9c59270c3fd7afecdb556c50c9e8de78 -> 
  custom:SearchIndexIgnoredProperties: e643bd26f0fe6173181afceb89e7c659 -> 
  custom:AudioImporter_EditorPlatform: d09bf68614088b80899f8185d706f6e7 -> 
  custom:scripting/monoscript/fileName/Brick.cs: 8cb9078d1f2598bc7f04e3199315eb0f -> 60161998205bced4ef4cac3bf3df916a
  custom:scripting/monoscript/fileName/JoyStick.cs: 1851da0892d1309863d641cabde99ad3 -> 8ba6cfcd63d331fc66b98b069b66096e
  custom:video-encoder-webm-vp8: eb34c28f22e8b96e1ab97ce403110664 -> 
  custom:audio-decoder-ogg-vorbis: bf7c407c2cedff20999df2af8eb42d56 -> 
  custom:scripting/monoscript/fileName/VariableJoystick.cs: 39f03dc32328afe11ebf2977b1593dda -> 6a21e483212ef280c767be5522709419
  custom:scripting/monoscript/fileName/FixedJoystick.cs: 475c6e1ca66c78aed6c49f6039c5734b -> ceaced0056a716bd82a85e0f3d488361
  custom:scripting/monoscript/fileName/Joystick.cs: efd34e62618f1aa62f745acbb935ce75 -> c13c665079b3ba178e3a8ef05c62070b
  custom:scripting/monoscript/fileName/Player.cs: 5bb3fdd25abedb90511c7231fb5a2164 -> 007e2e63cbf915a2b71612a7f593548a
  custom:audio-encoder-webm-vorbis: bf7c407c2cedff20999df2af8eb42d56 -> 
  custom:scripting/precompiled-assembly-types:Assembly-CSharp: 21da9031559f947901a3167274d6f168 -> 4f00341341029b3e0e5b69341db515f6
  custom:scripting/monoscript/fileName/FileManage.cs: 46d5425b84624908bde772e6d8bcbe92 -> 5e4acff774afca1ded62d5517c512ff1
========================================================================
Received Import Request.
  Time since last request: 312.518596 seconds.
  path: Assets/_Game/Scripts/GameData.cs
  artifactKey: Guid(131140f04846e9e48ba2ab2a0429cb2e) Importer(815301076,1909f56bfc062723c751e8b465ee728b)
Start importing Assets/_Game/Scripts/GameData.cs using Guid(131140f04846e9e48ba2ab2a0429cb2e) Importer(815301076,1909f56bfc062723c751e8b465ee728b) [PhysX] Initialized MultithreadedTaskDispatcher with 16 workers.
 -> (artifact id: '06bc9a1e5091eea289b64e6e67dd71b1') in 0.002819 seconds
Number of updated asset objects reloaded before import = 0
Number of asset objects unloaded after import = 0
========================================================================
Received Import Request.
  Time since last request: 20.276487 seconds.
  path: Assets/_Game/Scripts/GameData.cs
  artifactKey: Guid(131140f04846e9e48ba2ab2a0429cb2e) Importer(815301076,1909f56bfc062723c751e8b465ee728b)
Start importing Assets/_Game/Scripts/GameData.cs using Guid(131140f04846e9e48ba2ab2a0429cb2e) Importer(815301076,1909f56bfc062723c751e8b465ee728b) [PhysX] Initialized MultithreadedTaskDispatcher with 16 workers.
 -> (artifact id: '1e6b0f99fc594b8f656fb1e2798eb746') in 0.000585 seconds
Number of updated asset objects reloaded before import = 0
Number of asset objects unloaded after import = 0
========================================================================
Received Import Request.
  Time since last request: 11.830742 seconds.
  path: Assets/_Game/Scripts/GameData.cs
  artifactKey: Guid(131140f04846e9e48ba2ab2a0429cb2e) Importer(815301076,1909f56bfc062723c751e8b465ee728b)
Start importing Assets/_Game/Scripts/GameData.cs using Guid(131140f04846e9e48ba2ab2a0429cb2e) Importer(815301076,1909f56bfc062723c751e8b465ee728b) [PhysX] Initialized MultithreadedTaskDispatcher with 16 workers.
 -> (artifact id: '9e621ce5dba6a3dbba207c99e4c2a358') in 0.000559 seconds
Number of updated asset objects reloaded before import = 0
Number of asset objects unloaded after import = 0
========================================================================
Received Prepare
Caller must complete domain reload
Begin MonoManager ReloadAssembly
- Loaded All Assemblies, in  0.408 seconds
Native extension for WindowsStandalone target not found
Native extension for Android target not found
Mono: successfully reloaded assembly
- Finished resetting the current domain, in  0.728 seconds
Domain Reload Profiling: 1135ms
	BeginReloadAssembly (138ms)
		ExecutionOrderSort (0ms)
		DisableScriptedObjects (3ms)
		BackupInstance (0ms)
		ReleaseScriptingObjects (0ms)
		CreateAndSetChildDomain (35ms)
	RebuildCommonClasses (28ms)
	RebuildNativeTypeToScriptingClass (10ms)
	initialDomainReloadingComplete (25ms)
	LoadAllAssembliesAndSetupDomain (205ms)
		LoadAssemblies (257ms)
		RebuildTransferFunctionScriptingTraits (0ms)
		AnalyzeDomain (21ms)
			TypeCache.Refresh (8ms)
				TypeCache.ScanAssembly (0ms)
			ScanForSourceGeneratedMonoScriptInfo (6ms)
			ResolveRequiredComponents (6ms)
	FinalizeReload (728ms)
		ReleaseScriptCaches (0ms)
		RebuildScriptCaches (0ms)
		SetupLoadedEditorAssemblies (394ms)
			LogAssemblyErrors (0ms)
			InitializePlatformSupportModulesInManaged (16ms)
			SetLoadedEditorAssemblies (4ms)
			RefreshPlugins (0ms)
			BeforeProcessingInitializeOnLoad (59ms)
			ProcessInitializeOnLoadAttributes (292ms)
			ProcessInitializeOnLoadMethodAttributes (19ms)
			AfterProcessingInitializeOnLoad (4ms)
			EditorAssembliesLoaded (0ms)
		ExecutionOrderSort2 (0ms)
		AwakeInstancesAfterBackupRestoration (5ms)
Refreshing native plugins compatible for Editor in 2.12 ms, found 3 plugins.
Preloading 0 native plugins for Editor in 0.00 ms.
Unloading 3110 Unused Serialized files (Serialized files now loaded: 0)
Unloading 14 unused Assets / (28.5 KB). Loaded Objects now: 3602.
Memory consumption went from 118.1 MB to 118.0 MB.
Total: 2.649300 ms (FindLiveObjects: 0.222800 ms CreateObjectMapping: 0.077700 ms MarkObjects: 2.278200 ms  DeleteObjects: 0.069700 ms)

Prepare: number of updated asset objects reloaded= 0
AssetImportParameters requested are different than current active one (requested -> active):
  custom:container-demuxer-ogg: 62fdf1f143b41e24485cea50d1cbac27 -> 
  custom:scripting/monoscript/fileName/JoystickPlayerExample.cs: b49ed73c06895c00887fd43b2fe13656 -> 2ec96b3abad264f4393a91b76b487cb7
  custom:scripting/monoscript/fileName/JoystickSetterExample.cs: 959f5a79520f07bdb5268f1ee0033001 -> 9ef810522df7cdd512f52a98ae7a04f9
  custom:video-codec-MediaFoundation-h265: 746d11721c4dcdbdad8f713fa42b33f4 -> 
  custom:video-decoder-ogg-theora: a1e56fd34408186e4bbccfd4996cb3dc -> 
  custom:scripting/monoscript/fileName/Ground.cs: 7415901f32c2a0c2fffe55ebf317a3a1 -> 280fef7541238b592d97063dffe109df
  custom:scripting/monoscript/fileName/SpawnBricks.cs: 0295cec3861e916e23a84d166a9927fb -> 582053d9acf820d5a958c8b726272972
  custom:framework-win-MediaFoundation: 216162199b28c13a410421893ffa2e32 -> 
  custom:scripting/monoscript/fileName/DynamicJoystick.cs: 0ab293606d3fa5fd65cbd65e1d06c400 -> fa6fdbd0de9beec4a70bc764c26bb796
  custom:CustomObjectIndexerAttribute: 9a22284fe3817be447336de3de66b15e -> 
  custom:container-demuxer-webm: 4f35f7cbe854078d1ac9338744f61a02 -> 
  custom:scripting/monoscript/fileName/FloatingJoystick.cs: 5ad2d6fd170f0b909c85d006ae763629 -> 516035e2342d093d90fb2bd11ff41e68
  custom:scripting/monoscript/fileName/CameraFollow.cs: f056d39a9671ab128d63c9d9e2ecd81c -> de990732cc429467f8f49571d0872163
  custom:container-muxer-webm: aa71ff27fc2769a1b78a27578f13a17b -> 
  custom:video-decoder-webm-vp8: 9c59270c3fd7afecdb556c50c9e8de78 -> 
  custom:SearchIndexIgnoredProperties: e643bd26f0fe6173181afceb89e7c659 -> 
  custom:AudioImporter_EditorPlatform: d09bf68614088b80899f8185d706f6e7 -> 
  custom:scripting/monoscript/fileName/Brick.cs: 8cb9078d1f2598bc7f04e3199315eb0f -> 60161998205bced4ef4cac3bf3df916a
  custom:scripting/monoscript/fileName/GameData.cs: acba89d778bbd02c9a876d1b37e0a182 -> 
  custom:scripting/monoscript/fileName/JoyStick.cs: 1851da0892d1309863d641cabde99ad3 -> 8ba6cfcd63d331fc66b98b069b66096e
  custom:video-encoder-webm-vp8: eb34c28f22e8b96e1ab97ce403110664 -> 
  custom:audio-decoder-ogg-vorbis: bf7c407c2cedff20999df2af8eb42d56 -> 
  custom:scripting/monoscript/fileName/VariableJoystick.cs: 39f03dc32328afe11ebf2977b1593dda -> 6a21e483212ef280c767be5522709419
  custom:scripting/monoscript/fileName/FixedJoystick.cs: 475c6e1ca66c78aed6c49f6039c5734b -> ceaced0056a716bd82a85e0f3d488361
  custom:scripting/monoscript/fileName/Joystick.cs: efd34e62618f1aa62f745acbb935ce75 -> c13c665079b3ba178e3a8ef05c62070b
  custom:scripting/monoscript/fileName/Player.cs: 5bb3fdd25abedb90511c7231fb5a2164 -> 007e2e63cbf915a2b71612a7f593548a
  custom:audio-encoder-webm-vorbis: bf7c407c2cedff20999df2af8eb42d56 -> 
  custom:scripting/precompiled-assembly-types:Assembly-CSharp: 54767ac3ce9580f075fc58de450b5826 -> 4f00341341029b3e0e5b69341db515f6
  custom:scripting/monoscript/fileName/FileManage.cs: d1dfcfad55f66e169f187936ce367937 -> 5e4acff774afca1ded62d5517c512ff1
========================================================================
Received Import Request.
  Time since last request: 4.573411 seconds.
  path: Assets/_Game/Scripts/GameData.cs
  artifactKey: Guid(131140f04846e9e48ba2ab2a0429cb2e) Importer(815301076,1909f56bfc062723c751e8b465ee728b)
Start importing Assets/_Game/Scripts/GameData.cs using Guid(131140f04846e9e48ba2ab2a0429cb2e) Importer(815301076,1909f56bfc062723c751e8b465ee728b) [PhysX] Initialized MultithreadedTaskDispatcher with 16 workers.
 -> (artifact id: '8569a7b86f6a587f1cfcf3746d37b5f5') in 0.001975 seconds
Number of updated asset objects reloaded before import = 0
Number of asset objects unloaded after import = 0
========================================================================
Received Prepare
Caller must complete domain reload
Begin MonoManager ReloadAssembly
- Loaded All Assemblies, in  0.353 seconds
Native extension for WindowsStandalone target not found
Native extension for Android target not found
Mono: successfully reloaded assembly
- Finished resetting the current domain, in  0.730 seconds
Domain Reload Profiling: 1082ms
	BeginReloadAssembly (122ms)
		ExecutionOrderSort (0ms)
		DisableScriptedObjects (4ms)
		BackupInstance (0ms)
		ReleaseScriptingObjects (0ms)
		CreateAndSetChildDomain (27ms)
	RebuildCommonClasses (33ms)
	RebuildNativeTypeToScriptingClass (9ms)
	initialDomainReloadingComplete (22ms)
	LoadAllAssembliesAndSetupDomain (165ms)
		LoadAssemblies (216ms)
		RebuildTransferFunctionScriptingTraits (0ms)
		AnalyzeDomain (14ms)
			TypeCache.Refresh (7ms)
				TypeCache.ScanAssembly (0ms)
			ScanForSourceGeneratedMonoScriptInfo (0ms)
			ResolveRequiredComponents (6ms)
	FinalizeReload (731ms)
		ReleaseScriptCaches (0ms)
		RebuildScriptCaches (0ms)
		SetupLoadedEditorAssemblies (395ms)
			LogAssemblyErrors (0ms)
			InitializePlatformSupportModulesInManaged (14ms)
			SetLoadedEditorAssemblies (4ms)
			RefreshPlugins (0ms)
			BeforeProcessingInitializeOnLoad (53ms)
			ProcessInitializeOnLoadAttributes (298ms)
			ProcessInitializeOnLoadMethodAttributes (22ms)
			AfterProcessingInitializeOnLoad (5ms)
			EditorAssembliesLoaded (0ms)
		ExecutionOrderSort2 (0ms)
		AwakeInstancesAfterBackupRestoration (6ms)
Refreshing native plugins compatible for Editor in 2.36 ms, found 3 plugins.
Preloading 0 native plugins for Editor in 0.00 ms.
Unloading 3110 Unused Serialized files (Serialized files now loaded: 0)
Unloading 14 unused Assets / (28.5 KB). Loaded Objects now: 3605.
Memory consumption went from 118.1 MB to 118.0 MB.
Total: 2.552300 ms (FindLiveObjects: 0.252500 ms CreateObjectMapping: 0.106200 ms MarkObjects: 2.144600 ms  DeleteObjects: 0.047900 ms)

Prepare: number of updated asset objects reloaded= 0
AssetImportParameters requested are different than current active one (requested -> active):
  custom:container-demuxer-ogg: 62fdf1f143b41e24485cea50d1cbac27 -> 
  custom:scripting/monoscript/fileName/JoystickPlayerExample.cs: b49ed73c06895c00887fd43b2fe13656 -> 2ec96b3abad264f4393a91b76b487cb7
  custom:scripting/monoscript/fileName/JoystickSetterExample.cs: 959f5a79520f07bdb5268f1ee0033001 -> 9ef810522df7cdd512f52a98ae7a04f9
  custom:video-codec-MediaFoundation-h265: 746d11721c4dcdbdad8f713fa42b33f4 -> 
  custom:video-decoder-ogg-theora: a1e56fd34408186e4bbccfd4996cb3dc -> 
  custom:scripting/monoscript/fileName/Ground.cs: 7415901f32c2a0c2fffe55ebf317a3a1 -> 280fef7541238b592d97063dffe109df
  custom:scripting/monoscript/fileName/SpawnBricks.cs: 0295cec3861e916e23a84d166a9927fb -> 582053d9acf820d5a958c8b726272972
  custom:framework-win-MediaFoundation: 216162199b28c13a410421893ffa2e32 -> 
  custom:scripting/monoscript/fileName/DynamicJoystick.cs: 0ab293606d3fa5fd65cbd65e1d06c400 -> fa6fdbd0de9beec4a70bc764c26bb796
  custom:CustomObjectIndexerAttribute: 9a22284fe3817be447336de3de66b15e -> 
  custom:container-demuxer-webm: 4f35f7cbe854078d1ac9338744f61a02 -> 
  custom:scripting/monoscript/fileName/FloatingJoystick.cs: 5ad2d6fd170f0b909c85d006ae763629 -> 516035e2342d093d90fb2bd11ff41e68
  custom:scripting/monoscript/fileName/CameraFollow.cs: f056d39a9671ab128d63c9d9e2ecd81c -> de990732cc429467f8f49571d0872163
  custom:container-muxer-webm: aa71ff27fc2769a1b78a27578f13a17b -> 
  custom:video-decoder-webm-vp8: 9c59270c3fd7afecdb556c50c9e8de78 -> 
  custom:SearchIndexIgnoredProperties: e643bd26f0fe6173181afceb89e7c659 -> 
  custom:AudioImporter_EditorPlatform: d09bf68614088b80899f8185d706f6e7 -> 
  custom:scripting/monoscript/fileName/Brick.cs: 8cb9078d1f2598bc7f04e3199315eb0f -> 60161998205bced4ef4cac3bf3df916a
  custom:scripting/monoscript/fileName/GameData.cs: acba89d778bbd02c9a876d1b37e0a182 -> 
  custom:scripting/monoscript/fileName/JoyStick.cs: 1851da0892d1309863d641cabde99ad3 -> 8ba6cfcd63d331fc66b98b069b66096e
  custom:video-encoder-webm-vp8: eb34c28f22e8b96e1ab97ce403110664 -> 
  custom:audio-decoder-ogg-vorbis: bf7c407c2cedff20999df2af8eb42d56 -> 
  custom:scripting/monoscript/fileName/VariableJoystick.cs: 39f03dc32328afe11ebf2977b1593dda -> 6a21e483212ef280c767be5522709419
  custom:scripting/monoscript/fileName/FixedJoystick.cs: 475c6e1ca66c78aed6c49f6039c5734b -> ceaced0056a716bd82a85e0f3d488361
  custom:scripting/monoscript/fileName/Joystick.cs: efd34e62618f1aa62f745acbb935ce75 -> c13c665079b3ba178e3a8ef05c62070b
  custom:scripting/monoscript/fileName/Player.cs: 5bb3fdd25abedb90511c7231fb5a2164 -> 007e2e63cbf915a2b71612a7f593548a
  custom:audio-encoder-webm-vorbis: bf7c407c2cedff20999df2af8eb42d56 -> 
  custom:scripting/precompiled-assembly-types:Assembly-CSharp: 54767ac3ce9580f075fc58de450b5826 -> 4f00341341029b3e0e5b69341db515f6
  custom:scripting/monoscript/fileName/FileManage.cs: d1dfcfad55f66e169f187936ce367937 -> 5e4acff774afca1ded62d5517c512ff1
========================================================================
Received Import Request.
  Time since last request: 130.179253 seconds.
  path: Assets/_Game/Scripts/FileManage.cs
  artifactKey: Guid(fc90a44a32bfda14a9244782f47b8665) Importer(815301076,1909f56bfc062723c751e8b465ee728b)
Start importing Assets/_Game/Scripts/FileManage.cs using Guid(fc90a44a32bfda14a9244782f47b8665) Importer(815301076,1909f56bfc062723c751e8b465ee728b) [PhysX] Initialized MultithreadedTaskDispatcher with 16 workers.
 -> (artifact id: 'c553605fa19ca071895b5aa366b0966b') in 0.002426 seconds
Number of updated asset objects reloaded before import = 0
Number of asset objects unloaded after import = 0
========================================================================
Received Prepare
Caller must complete domain reload
Begin MonoManager ReloadAssembly
- Loaded All Assemblies, in  0.386 seconds
Native extension for WindowsStandalone target not found
Native extension for Android target not found
Mono: successfully reloaded assembly
- Finished resetting the current domain, in  0.852 seconds
Domain Reload Profiling: 1237ms
	BeginReloadAssembly (128ms)
		ExecutionOrderSort (0ms)
		DisableScriptedObjects (6ms)
		BackupInstance (0ms)
		ReleaseScriptingObjects (0ms)
		CreateAndSetChildDomain (29ms)
	RebuildCommonClasses (27ms)
	RebuildNativeTypeToScriptingClass (10ms)
	initialDomainReloadingComplete (26ms)
	LoadAllAssembliesAndSetupDomain (193ms)
		LoadAssemblies (235ms)
		RebuildTransferFunctionScriptingTraits (0ms)
		AnalyzeDomain (26ms)
			TypeCache.Refresh (10ms)
				TypeCache.ScanAssembly (1ms)
			ScanForSourceGeneratedMonoScriptInfo (8ms)
			ResolveRequiredComponents (7ms)
	FinalizeReload (853ms)
		ReleaseScriptCaches (0ms)
		RebuildScriptCaches (0ms)
		SetupLoadedEditorAssemblies (468ms)
			LogAssemblyErrors (0ms)
			InitializePlatformSupportModulesInManaged (16ms)
			SetLoadedEditorAssemblies (4ms)
			RefreshPlugins (0ms)
			BeforeProcessingInitializeOnLoad (52ms)
			ProcessInitializeOnLoadAttributes (365ms)
			ProcessInitializeOnLoadMethodAttributes (25ms)
			AfterProcessingInitializeOnLoad (5ms)
			EditorAssembliesLoaded (0ms)
		ExecutionOrderSort2 (0ms)
		AwakeInstancesAfterBackupRestoration (6ms)
Refreshing native plugins compatible for Editor in 3.10 ms, found 3 plugins.
Preloading 0 native plugins for Editor in 0.00 ms.
Unloading 3110 Unused Serialized files (Serialized files now loaded: 0)
Unloading 14 unused Assets / (28.5 KB). Loaded Objects now: 3608.
Memory consumption went from 118.1 MB to 118.0 MB.
Total: 2.383500 ms (FindLiveObjects: 0.217200 ms CreateObjectMapping: 0.080300 ms MarkObjects: 2.034500 ms  DeleteObjects: 0.050600 ms)

Prepare: number of updated asset objects reloaded= 0
AssetImportParameters requested are different than current active one (requested -> active):
  custom:container-demuxer-ogg: 62fdf1f143b41e24485cea50d1cbac27 -> 
  custom:scripting/monoscript/fileName/JoystickPlayerExample.cs: b49ed73c06895c00887fd43b2fe13656 -> 2ec96b3abad264f4393a91b76b487cb7
  custom:scripting/monoscript/fileName/JoystickSetterExample.cs: 959f5a79520f07bdb5268f1ee0033001 -> 9ef810522df7cdd512f52a98ae7a04f9
  custom:video-codec-MediaFoundation-h265: 746d11721c4dcdbdad8f713fa42b33f4 -> 
  custom:video-decoder-ogg-theora: a1e56fd34408186e4bbccfd4996cb3dc -> 
  custom:scripting/monoscript/fileName/Ground.cs: 7415901f32c2a0c2fffe55ebf317a3a1 -> 280fef7541238b592d97063dffe109df
  custom:scripting/monoscript/fileName/SpawnBricks.cs: 0295cec3861e916e23a84d166a9927fb -> 582053d9acf820d5a958c8b726272972
  custom:framework-win-MediaFoundation: 216162199b28c13a410421893ffa2e32 -> 
  custom:scripting/monoscript/fileName/DynamicJoystick.cs: 0ab293606d3fa5fd65cbd65e1d06c400 -> fa6fdbd0de9beec4a70bc764c26bb796
  custom:CustomObjectIndexerAttribute: 9a22284fe3817be447336de3de66b15e -> 
  custom:container-demuxer-webm: 4f35f7cbe854078d1ac9338744f61a02 -> 
  custom:scripting/monoscript/fileName/FloatingJoystick.cs: 5ad2d6fd170f0b909c85d006ae763629 -> 516035e2342d093d90fb2bd11ff41e68
  custom:scripting/monoscript/fileName/CameraFollow.cs: f056d39a9671ab128d63c9d9e2ecd81c -> de990732cc429467f8f49571d0872163
  custom:container-muxer-webm: aa71ff27fc2769a1b78a27578f13a17b -> 
  custom:video-decoder-webm-vp8: 9c59270c3fd7afecdb556c50c9e8de78 -> 
  custom:SearchIndexIgnoredProperties: e643bd26f0fe6173181afceb89e7c659 -> 
  custom:AudioImporter_EditorPlatform: d09bf68614088b80899f8185d706f6e7 -> 
  custom:scripting/monoscript/fileName/Brick.cs: 8cb9078d1f2598bc7f04e3199315eb0f -> 60161998205bced4ef4cac3bf3df916a
  custom:scripting/monoscript/fileName/GameData.cs: acba89d778bbd02c9a876d1b37e0a182 -> 
  custom:scripting/monoscript/fileName/JoyStick.cs: 1851da0892d1309863d641cabde99ad3 -> 8ba6cfcd63d331fc66b98b069b66096e
  custom:video-encoder-webm-vp8: eb34c28f22e8b96e1ab97ce403110664 -> 
  custom:audio-decoder-ogg-vorbis: bf7c407c2cedff20999df2af8eb42d56 -> 
  custom:scripting/monoscript/fileName/VariableJoystick.cs: 39f03dc32328afe11ebf2977b1593dda -> 6a21e483212ef280c767be5522709419
  custom:scripting/monoscript/fileName/FixedJoystick.cs: 475c6e1ca66c78aed6c49f6039c5734b -> ceaced0056a716bd82a85e0f3d488361
  custom:scripting/monoscript/fileName/Joystick.cs: efd34e62618f1aa62f745acbb935ce75 -> c13c665079b3ba178e3a8ef05c62070b
  custom:scripting/monoscript/fileName/Player.cs: 5bb3fdd25abedb90511c7231fb5a2164 -> 007e2e63cbf915a2b71612a7f593548a
  custom:audio-encoder-webm-vorbis: bf7c407c2cedff20999df2af8eb42d56 -> 
  custom:scripting/precompiled-assembly-types:Assembly-CSharp: 54767ac3ce9580f075fc58de450b5826 -> 4f00341341029b3e0e5b69341db515f6
  custom:scripting/monoscript/fileName/FileManage.cs: d1dfcfad55f66e169f187936ce367937 -> 5e4acff774afca1ded62d5517c512ff1
========================================================================
Received Prepare
Caller must complete domain reload
Begin MonoManager ReloadAssembly
- Loaded All Assemblies, in  0.336 seconds
Native extension for WindowsStandalone target not found
Native extension for Android target not found
Mono: successfully reloaded assembly
- Finished resetting the current domain, in  0.747 seconds
Domain Reload Profiling: 1081ms
	BeginReloadAssembly (121ms)
		ExecutionOrderSort (0ms)
		DisableScriptedObjects (3ms)
		BackupInstance (0ms)
		ReleaseScriptingObjects (0ms)
		CreateAndSetChildDomain (26ms)
	RebuildCommonClasses (26ms)
	RebuildNativeTypeToScriptingClass (9ms)
	initialDomainReloadingComplete (21ms)
	LoadAllAssembliesAndSetupDomain (158ms)
		LoadAssemblies (209ms)
		RebuildTransferFunctionScriptingTraits (0ms)
		AnalyzeDomain (13ms)
			TypeCache.Refresh (7ms)
				TypeCache.ScanAssembly (0ms)
			ScanForSourceGeneratedMonoScriptInfo (0ms)
			ResolveRequiredComponents (5ms)
	FinalizeReload (747ms)
		ReleaseScriptCaches (0ms)
		RebuildScriptCaches (0ms)
		SetupLoadedEditorAssemblies (404ms)
			LogAssemblyErrors (0ms)
			InitializePlatformSupportModulesInManaged (14ms)
			SetLoadedEditorAssemblies (4ms)
			RefreshPlugins (0ms)
			BeforeProcessingInitializeOnLoad (49ms)
			ProcessInitializeOnLoadAttributes (309ms)
			ProcessInitializeOnLoadMethodAttributes (22ms)
			AfterProcessingInitializeOnLoad (5ms)
			EditorAssembliesLoaded (0ms)
		ExecutionOrderSort2 (0ms)
		AwakeInstancesAfterBackupRestoration (5ms)
Refreshing native plugins compatible for Editor in 2.32 ms, found 3 plugins.
Preloading 0 native plugins for Editor in 0.00 ms.
Unloading 3111 Unused Serialized files (Serialized files now loaded: 0)
Unloading 14 unused Assets / (28.5 KB). Loaded Objects now: 3611.
Memory consumption went from 118.3 MB to 118.3 MB.
Total: 2.743800 ms (FindLiveObjects: 0.285300 ms CreateObjectMapping: 0.104900 ms MarkObjects: 2.307200 ms  DeleteObjects: 0.045400 ms)

Prepare: number of updated asset objects reloaded= 0
AssetImportParameters requested are different than current active one (requested -> active):
  custom:container-demuxer-ogg: 62fdf1f143b41e24485cea50d1cbac27 -> 
  custom:scripting/monoscript/fileName/JoystickPlayerExample.cs: b49ed73c06895c00887fd43b2fe13656 -> 2ec96b3abad264f4393a91b76b487cb7
  custom:scripting/monoscript/fileName/JoystickSetterExample.cs: 959f5a79520f07bdb5268f1ee0033001 -> 9ef810522df7cdd512f52a98ae7a04f9
  custom:video-codec-MediaFoundation-h265: 746d11721c4dcdbdad8f713fa42b33f4 -> 
  custom:video-decoder-ogg-theora: a1e56fd34408186e4bbccfd4996cb3dc -> 
  custom:scripting/monoscript/fileName/Ground.cs: 7415901f32c2a0c2fffe55ebf317a3a1 -> 280fef7541238b592d97063dffe109df
  custom:scripting/monoscript/fileName/SpawnBricks.cs: 0295cec3861e916e23a84d166a9927fb -> 582053d9acf820d5a958c8b726272972
  custom:framework-win-MediaFoundation: 216162199b28c13a410421893ffa2e32 -> 
  custom:scripting/monoscript/fileName/DynamicJoystick.cs: 0ab293606d3fa5fd65cbd65e1d06c400 -> fa6fdbd0de9beec4a70bc764c26bb796
  custom:CustomObjectIndexerAttribute: 9a22284fe3817be447336de3de66b15e -> 
  custom:container-demuxer-webm: 4f35f7cbe854078d1ac9338744f61a02 -> 
  custom:scripting/monoscript/fileName/FloatingJoystick.cs: 5ad2d6fd170f0b909c85d006ae763629 -> 516035e2342d093d90fb2bd11ff41e68
  custom:scripting/monoscript/fileName/CameraFollow.cs: f056d39a9671ab128d63c9d9e2ecd81c -> de990732cc429467f8f49571d0872163
  custom:container-muxer-webm: aa71ff27fc2769a1b78a27578f13a17b -> 
  custom:video-decoder-webm-vp8: 9c59270c3fd7afecdb556c50c9e8de78 -> 
  custom:SearchIndexIgnoredProperties: e643bd26f0fe6173181afceb89e7c659 -> 
  custom:AudioImporter_EditorPlatform: d09bf68614088b80899f8185d706f6e7 -> 
  custom:scripting/monoscript/fileName/Brick.cs: 8cb9078d1f2598bc7f04e3199315eb0f -> 60161998205bced4ef4cac3bf3df916a
  custom:scripting/monoscript/fileName/GameData.cs: acba89d778bbd02c9a876d1b37e0a182 -> 
  custom:scripting/monoscript/fileName/JoyStick.cs: 1851da0892d1309863d641cabde99ad3 -> 8ba6cfcd63d331fc66b98b069b66096e
  custom:video-encoder-webm-vp8: eb34c28f22e8b96e1ab97ce403110664 -> 
  custom:audio-decoder-ogg-vorbis: bf7c407c2cedff20999df2af8eb42d56 -> 
  custom:scripting/monoscript/fileName/VariableJoystick.cs: 39f03dc32328afe11ebf2977b1593dda -> 6a21e483212ef280c767be5522709419
  custom:scripting/monoscript/fileName/FixedJoystick.cs: 475c6e1ca66c78aed6c49f6039c5734b -> ceaced0056a716bd82a85e0f3d488361
  custom:scripting/monoscript/fileName/Joystick.cs: efd34e62618f1aa62f745acbb935ce75 -> c13c665079b3ba178e3a8ef05c62070b
  custom:scripting/monoscript/fileName/Player.cs: 5bb3fdd25abedb90511c7231fb5a2164 -> 007e2e63cbf915a2b71612a7f593548a
  custom:audio-encoder-webm-vorbis: bf7c407c2cedff20999df2af8eb42d56 -> 
  custom:scripting/precompiled-assembly-types:Assembly-CSharp: 54767ac3ce9580f075fc58de450b5826 -> 4f00341341029b3e0e5b69341db515f6
  custom:scripting/monoscript/fileName/FileManage.cs: d1dfcfad55f66e169f187936ce367937 -> 5e4acff774afca1ded62d5517c512ff1
========================================================================
Received Prepare
Caller must complete domain reload
Begin MonoManager ReloadAssembly
- Loaded All Assemblies, in  0.328 seconds
Native extension for WindowsStandalone target not found
Native extension for Android target not found
Mono: successfully reloaded assembly
- Finished resetting the current domain, in  0.721 seconds
Domain Reload Profiling: 1048ms
	BeginReloadAssembly (116ms)
		ExecutionOrderSort (0ms)
		DisableScriptedObjects (4ms)
		BackupInstance (0ms)
		ReleaseScriptingObjects (0ms)
		CreateAndSetChildDomain (26ms)
	RebuildCommonClasses (26ms)
	RebuildNativeTypeToScriptingClass (9ms)
	initialDomainReloadingComplete (21ms)
	LoadAllAssembliesAndSetupDomain (155ms)
		LoadAssemblies (203ms)
		RebuildTransferFunctionScriptingTraits (0ms)
		AnalyzeDomain (13ms)
			TypeCache.Refresh (6ms)
				TypeCache.ScanAssembly (0ms)
			ScanForSourceGeneratedMonoScriptInfo (0ms)
			ResolveRequiredComponents (5ms)
	FinalizeReload (721ms)
		ReleaseScriptCaches (0ms)
		RebuildScriptCaches (0ms)
		SetupLoadedEditorAssemblies (385ms)
			LogAssemblyErrors (0ms)
			InitializePlatformSupportModulesInManaged (19ms)
			SetLoadedEditorAssemblies (4ms)
			RefreshPlugins (0ms)
			BeforeProcessingInitializeOnLoad (48ms)
			ProcessInitializeOnLoadAttributes (288ms)
			ProcessInitializeOnLoadMethodAttributes (23ms)
			AfterProcessingInitializeOnLoad (5ms)
			EditorAssembliesLoaded (0ms)
		ExecutionOrderSort2 (0ms)
		AwakeInstancesAfterBackupRestoration (5ms)
Refreshing native plugins compatible for Editor in 2.76 ms, found 3 plugins.
Preloading 0 native plugins for Editor in 0.00 ms.
Unloading 3111 Unused Serialized files (Serialized files now loaded: 0)
Unloading 14 unused Assets / (28.5 KB). Loaded Objects now: 3614.
Memory consumption went from 118.3 MB to 118.3 MB.
Total: 2.389800 ms (FindLiveObjects: 0.251100 ms CreateObjectMapping: 0.082300 ms MarkObjects: 2.016700 ms  DeleteObjects: 0.039000 ms)

Prepare: number of updated asset objects reloaded= 0
AssetImportParameters requested are different than current active one (requested -> active):
  custom:container-demuxer-ogg: 62fdf1f143b41e24485cea50d1cbac27 -> 
  custom:scripting/monoscript/fileName/JoystickPlayerExample.cs: b49ed73c06895c00887fd43b2fe13656 -> 2ec96b3abad264f4393a91b76b487cb7
  custom:scripting/monoscript/fileName/JoystickSetterExample.cs: 959f5a79520f07bdb5268f1ee0033001 -> 9ef810522df7cdd512f52a98ae7a04f9
  custom:video-codec-MediaFoundation-h265: 746d11721c4dcdbdad8f713fa42b33f4 -> 
  custom:video-decoder-ogg-theora: a1e56fd34408186e4bbccfd4996cb3dc -> 
  custom:scripting/monoscript/fileName/Ground.cs: 7415901f32c2a0c2fffe55ebf317a3a1 -> 280fef7541238b592d97063dffe109df
  custom:scripting/monoscript/fileName/SpawnBricks.cs: 0295cec3861e916e23a84d166a9927fb -> 582053d9acf820d5a958c8b726272972
  custom:framework-win-MediaFoundation: 216162199b28c13a410421893ffa2e32 -> 
  custom:scripting/monoscript/fileName/DynamicJoystick.cs: 0ab293606d3fa5fd65cbd65e1d06c400 -> fa6fdbd0de9beec4a70bc764c26bb796
  custom:CustomObjectIndexerAttribute: 9a22284fe3817be447336de3de66b15e -> 
  custom:container-demuxer-webm: 4f35f7cbe854078d1ac9338744f61a02 -> 
  custom:scripting/monoscript/fileName/FloatingJoystick.cs: 5ad2d6fd170f0b909c85d006ae763629 -> 516035e2342d093d90fb2bd11ff41e68
  custom:scripting/monoscript/fileName/CameraFollow.cs: f056d39a9671ab128d63c9d9e2ecd81c -> de990732cc429467f8f49571d0872163
  custom:container-muxer-webm: aa71ff27fc2769a1b78a27578f13a17b -> 
  custom:video-decoder-webm-vp8: 9c59270c3fd7afecdb556c50c9e8de78 -> 
  custom:SearchIndexIgnoredProperties: e643bd26f0fe6173181afceb89e7c659 -> 
  custom:AudioImporter_EditorPlatform: d09bf68614088b80899f8185d706f6e7 -> 
  custom:scripting/monoscript/fileName/Brick.cs: 8cb9078d1f2598bc7f04e3199315eb0f -> 60161998205bced4ef4cac3bf3df916a
  custom:scripting/monoscript/fileName/GameData.cs: acba89d778bbd02c9a876d1b37e0a182 -> 
  custom:scripting/monoscript/fileName/JoyStick.cs: 1851da0892d1309863d641cabde99ad3 -> 8ba6cfcd63d331fc66b98b069b66096e
  custom:video-encoder-webm-vp8: eb34c28f22e8b96e1ab97ce403110664 -> 
  custom:audio-decoder-ogg-vorbis: bf7c407c2cedff20999df2af8eb42d56 -> 
  custom:scripting/monoscript/fileName/VariableJoystick.cs: 39f03dc32328afe11ebf2977b1593dda -> 6a21e483212ef280c767be5522709419
  custom:scripting/monoscript/fileName/FixedJoystick.cs: 475c6e1ca66c78aed6c49f6039c5734b -> ceaced0056a716bd82a85e0f3d488361
  custom:scripting/monoscript/fileName/Joystick.cs: efd34e62618f1aa62f745acbb935ce75 -> c13c665079b3ba178e3a8ef05c62070b
  custom:scripting/monoscript/fileName/Player.cs: 5bb3fdd25abedb90511c7231fb5a2164 -> 007e2e63cbf915a2b71612a7f593548a
  custom:audio-encoder-webm-vorbis: bf7c407c2cedff20999df2af8eb42d56 -> 
  custom:scripting/precompiled-assembly-types:Assembly-CSharp: 54767ac3ce9580f075fc58de450b5826 -> 4f00341341029b3e0e5b69341db515f6
  custom:scripting/monoscript/fileName/FileManage.cs: d1dfcfad55f66e169f187936ce367937 -> 5e4acff774afca1ded62d5517c512ff1
========================================================================
Received Prepare
Caller must complete domain reload
Begin MonoManager ReloadAssembly
- Loaded All Assemblies, in  0.334 seconds
Native extension for WindowsStandalone target not found
Native extension for Android target not found
Mono: successfully reloaded assembly
- Finished resetting the current domain, in  0.750 seconds
Domain Reload Profiling: 1084ms
	BeginReloadAssembly (123ms)
		ExecutionOrderSort (0ms)
		DisableScriptedObjects (3ms)
		BackupInstance (0ms)
		ReleaseScriptingObjects (0ms)
		CreateAndSetChildDomain (28ms)
	RebuildCommonClasses (26ms)
	RebuildNativeTypeToScriptingClass (9ms)
	initialDomainReloadingComplete (21ms)
	LoadAllAssembliesAndSetupDomain (155ms)
		LoadAssemblies (208ms)
		RebuildTransferFunctionScriptingTraits (0ms)
		AnalyzeDomain (12ms)
			TypeCache.Refresh (6ms)
				TypeCache.ScanAssembly (0ms)
			ScanForSourceGeneratedMonoScriptInfo (0ms)
			ResolveRequiredComponents (4ms)
	FinalizeReload (751ms)
		ReleaseScriptCaches (0ms)
		RebuildScriptCaches (0ms)
		SetupLoadedEditorAssemblies (395ms)
			LogAssemblyErrors (0ms)
			InitializePlatformSupportModulesInManaged (14ms)
			SetLoadedEditorAssemblies (5ms)
			RefreshPlugins (0ms)
			BeforeProcessingInitializeOnLoad (49ms)
			ProcessInitializeOnLoadAttributes (300ms)
			ProcessInitializeOnLoadMethodAttributes (22ms)
			AfterProcessingInitializeOnLoad (5ms)
			EditorAssembliesLoaded (0ms)
		ExecutionOrderSort2 (0ms)
		AwakeInstancesAfterBackupRestoration (7ms)
Refreshing native plugins compatible for Editor in 2.69 ms, found 3 plugins.
Preloading 0 native plugins for Editor in 0.00 ms.
Unloading 3111 Unused Serialized files (Serialized files now loaded: 0)
Unloading 14 unused Assets / (28.5 KB). Loaded Objects now: 3617.
Memory consumption went from 118.3 MB to 118.3 MB.
Total: 2.935800 ms (FindLiveObjects: 0.226900 ms CreateObjectMapping: 0.123700 ms MarkObjects: 2.522600 ms  DeleteObjects: 0.061400 ms)

Prepare: number of updated asset objects reloaded= 0
AssetImportParameters requested are different than current active one (requested -> active):
  custom:container-demuxer-ogg: 62fdf1f143b41e24485cea50d1cbac27 -> 
  custom:scripting/monoscript/fileName/JoystickPlayerExample.cs: b49ed73c06895c00887fd43b2fe13656 -> 2ec96b3abad264f4393a91b76b487cb7
  custom:scripting/monoscript/fileName/JoystickSetterExample.cs: 959f5a79520f07bdb5268f1ee0033001 -> 9ef810522df7cdd512f52a98ae7a04f9
  custom:video-codec-MediaFoundation-h265: 746d11721c4dcdbdad8f713fa42b33f4 -> 
  custom:video-decoder-ogg-theora: a1e56fd34408186e4bbccfd4996cb3dc -> 
  custom:scripting/monoscript/fileName/Ground.cs: 7415901f32c2a0c2fffe55ebf317a3a1 -> 280fef7541238b592d97063dffe109df
  custom:scripting/monoscript/fileName/SpawnBricks.cs: 0295cec3861e916e23a84d166a9927fb -> 582053d9acf820d5a958c8b726272972
  custom:framework-win-MediaFoundation: 216162199b28c13a410421893ffa2e32 -> 
  custom:scripting/monoscript/fileName/DynamicJoystick.cs: 0ab293606d3fa5fd65cbd65e1d06c400 -> fa6fdbd0de9beec4a70bc764c26bb796
  custom:CustomObjectIndexerAttribute: 9a22284fe3817be447336de3de66b15e -> 
  custom:container-demuxer-webm: 4f35f7cbe854078d1ac9338744f61a02 -> 
  custom:scripting/monoscript/fileName/FloatingJoystick.cs: 5ad2d6fd170f0b909c85d006ae763629 -> 516035e2342d093d90fb2bd11ff41e68
  custom:scripting/monoscript/fileName/CameraFollow.cs: f056d39a9671ab128d63c9d9e2ecd81c -> de990732cc429467f8f49571d0872163
  custom:container-muxer-webm: aa71ff27fc2769a1b78a27578f13a17b -> 
  custom:video-decoder-webm-vp8: 9c59270c3fd7afecdb556c50c9e8de78 -> 
  custom:SearchIndexIgnoredProperties: e643bd26f0fe6173181afceb89e7c659 -> 
  custom:AudioImporter_EditorPlatform: d09bf68614088b80899f8185d706f6e7 -> 
  custom:scripting/monoscript/fileName/Brick.cs: 8cb9078d1f2598bc7f04e3199315eb0f -> 60161998205bced4ef4cac3bf3df916a
  custom:scripting/monoscript/fileName/GameData.cs: acba89d778bbd02c9a876d1b37e0a182 -> 
  custom:scripting/monoscript/fileName/JoyStick.cs: 1851da0892d1309863d641cabde99ad3 -> 8ba6cfcd63d331fc66b98b069b66096e
  custom:video-encoder-webm-vp8: eb34c28f22e8b96e1ab97ce403110664 -> 
  custom:audio-decoder-ogg-vorbis: bf7c407c2cedff20999df2af8eb42d56 -> 
  custom:scripting/monoscript/fileName/VariableJoystick.cs: 39f03dc32328afe11ebf2977b1593dda -> 6a21e483212ef280c767be5522709419
  custom:scripting/monoscript/fileName/FixedJoystick.cs: 475c6e1ca66c78aed6c49f6039c5734b -> ceaced0056a716bd82a85e0f3d488361
  custom:scripting/monoscript/fileName/Joystick.cs: efd34e62618f1aa62f745acbb935ce75 -> c13c665079b3ba178e3a8ef05c62070b
  custom:scripting/monoscript/fileName/Player.cs: 5bb3fdd25abedb90511c7231fb5a2164 -> 007e2e63cbf915a2b71612a7f593548a
  custom:audio-encoder-webm-vorbis: bf7c407c2cedff20999df2af8eb42d56 -> 
  custom:scripting/precompiled-assembly-types:Assembly-CSharp: 54767ac3ce9580f075fc58de450b5826 -> 4f00341341029b3e0e5b69341db515f6
  custom:scripting/monoscript/fileName/FileManage.cs: d1dfcfad55f66e169f187936ce367937 -> 5e4acff774afca1ded62d5517c512ff1
========================================================================
Received Prepare
Caller must complete domain reload
Begin MonoManager ReloadAssembly
- Loaded All Assemblies, in  0.384 seconds
Native extension for WindowsStandalone target not found
Native extension for Android target not found
Mono: successfully reloaded assembly
- Finished resetting the current domain, in  0.816 seconds
Domain Reload Profiling: 1198ms
	BeginReloadAssembly (139ms)
		ExecutionOrderSort (0ms)
		DisableScriptedObjects (4ms)
		BackupInstance (0ms)
		ReleaseScriptingObjects (0ms)
		CreateAndSetChildDomain (30ms)
	RebuildCommonClasses (28ms)
	RebuildNativeTypeToScriptingClass (10ms)
	initialDomainReloadingComplete (24ms)
	LoadAllAssembliesAndSetupDomain (181ms)
		LoadAssemblies (238ms)
		RebuildTransferFunctionScriptingTraits (0ms)
		AnalyzeDomain (22ms)
			TypeCache.Refresh (8ms)
				TypeCache.ScanAssembly (0ms)
			ScanForSourceGeneratedMonoScriptInfo (7ms)
			ResolveRequiredComponents (5ms)
	FinalizeReload (816ms)
		ReleaseScriptCaches (0ms)
		RebuildScriptCaches (0ms)
		SetupLoadedEditorAssemblies (429ms)
			LogAssemblyErrors (0ms)
			InitializePlatformSupportModulesInManaged (16ms)
			SetLoadedEditorAssemblies (5ms)
			RefreshPlugins (0ms)
			BeforeProcessingInitializeOnLoad (59ms)
			ProcessInitializeOnLoadAttributes (324ms)
			ProcessInitializeOnLoadMethodAttributes (20ms)
			AfterProcessingInitializeOnLoad (5ms)
			EditorAssembliesLoaded (0ms)
		ExecutionOrderSort2 (0ms)
		AwakeInstancesAfterBackupRestoration (9ms)
Refreshing native plugins compatible for Editor in 2.58 ms, found 3 plugins.
Preloading 0 native plugins for Editor in 0.00 ms.
Unloading 3111 Unused Serialized files (Serialized files now loaded: 0)
Unloading 14 unused Assets / (28.5 KB). Loaded Objects now: 3620.
Memory consumption went from 118.3 MB to 118.3 MB.
Total: 3.777700 ms (FindLiveObjects: 0.347500 ms CreateObjectMapping: 0.241100 ms MarkObjects: 3.128300 ms  DeleteObjects: 0.059800 ms)

Prepare: number of updated asset objects reloaded= 0
AssetImportParameters requested are different than current active one (requested -> active):
  custom:container-demuxer-ogg: 62fdf1f143b41e24485cea50d1cbac27 -> 
  custom:scripting/monoscript/fileName/JoystickPlayerExample.cs: b49ed73c06895c00887fd43b2fe13656 -> 2ec96b3abad264f4393a91b76b487cb7
  custom:scripting/monoscript/fileName/JoystickSetterExample.cs: 959f5a79520f07bdb5268f1ee0033001 -> 9ef810522df7cdd512f52a98ae7a04f9
  custom:video-codec-MediaFoundation-h265: 746d11721c4dcdbdad8f713fa42b33f4 -> 
  custom:video-decoder-ogg-theora: a1e56fd34408186e4bbccfd4996cb3dc -> 
  custom:scripting/monoscript/fileName/Ground.cs: 7415901f32c2a0c2fffe55ebf317a3a1 -> 280fef7541238b592d97063dffe109df
  custom:scripting/monoscript/fileName/SpawnBricks.cs: 0295cec3861e916e23a84d166a9927fb -> 582053d9acf820d5a958c8b726272972
  custom:framework-win-MediaFoundation: 216162199b28c13a410421893ffa2e32 -> 
  custom:scripting/monoscript/fileName/DynamicJoystick.cs: 0ab293606d3fa5fd65cbd65e1d06c400 -> fa6fdbd0de9beec4a70bc764c26bb796
  custom:CustomObjectIndexerAttribute: 9a22284fe3817be447336de3de66b15e -> 
  custom:container-demuxer-webm: 4f35f7cbe854078d1ac9338744f61a02 -> 
  custom:scripting/monoscript/fileName/FloatingJoystick.cs: 5ad2d6fd170f0b909c85d006ae763629 -> 516035e2342d093d90fb2bd11ff41e68
  custom:scripting/monoscript/fileName/CameraFollow.cs: f056d39a9671ab128d63c9d9e2ecd81c -> de990732cc429467f8f49571d0872163
  custom:container-muxer-webm: aa71ff27fc2769a1b78a27578f13a17b -> 
  custom:video-decoder-webm-vp8: 9c59270c3fd7afecdb556c50c9e8de78 -> 
  custom:SearchIndexIgnoredProperties: e643bd26f0fe6173181afceb89e7c659 -> 
  custom:AudioImporter_EditorPlatform: d09bf68614088b80899f8185d706f6e7 -> 
  custom:scripting/monoscript/fileName/Brick.cs: 8cb9078d1f2598bc7f04e3199315eb0f -> 60161998205bced4ef4cac3bf3df916a
  custom:scripting/monoscript/fileName/GameData.cs: acba89d778bbd02c9a876d1b37e0a182 -> 
  custom:scripting/monoscript/fileName/JoyStick.cs: 1851da0892d1309863d641cabde99ad3 -> 8ba6cfcd63d331fc66b98b069b66096e
  custom:video-encoder-webm-vp8: eb34c28f22e8b96e1ab97ce403110664 -> 
  custom:audio-decoder-ogg-vorbis: bf7c407c2cedff20999df2af8eb42d56 -> 
  custom:scripting/monoscript/fileName/VariableJoystick.cs: 39f03dc32328afe11ebf2977b1593dda -> 6a21e483212ef280c767be5522709419
  custom:scripting/monoscript/fileName/FixedJoystick.cs: 475c6e1ca66c78aed6c49f6039c5734b -> ceaced0056a716bd82a85e0f3d488361
  custom:scripting/monoscript/fileName/Joystick.cs: efd34e62618f1aa62f745acbb935ce75 -> c13c665079b3ba178e3a8ef05c62070b
  custom:scripting/monoscript/fileName/Player.cs: 5bb3fdd25abedb90511c7231fb5a2164 -> 007e2e63cbf915a2b71612a7f593548a
  custom:audio-encoder-webm-vorbis: bf7c407c2cedff20999df2af8eb42d56 -> 
  custom:scripting/precompiled-assembly-types:Assembly-CSharp: 54767ac3ce9580f075fc58de450b5826 -> 4f00341341029b3e0e5b69341db515f6
  custom:scripting/monoscript/fileName/FileManage.cs: d1dfcfad55f66e169f187936ce367937 -> 5e4acff774afca1ded62d5517c512ff1
========================================================================
Received Prepare
Caller must complete domain reload
Begin MonoManager ReloadAssembly
- Loaded All Assemblies, in  0.359 seconds
Native extension for WindowsStandalone target not found
Native extension for Android target not found
Mono: successfully reloaded assembly
- Finished resetting the current domain, in  0.696 seconds
Domain Reload Profiling: 1053ms
	BeginReloadAssembly (124ms)
		ExecutionOrderSort (0ms)
		DisableScriptedObjects (4ms)
		BackupInstance (0ms)
		ReleaseScriptingObjects (0ms)
		CreateAndSetChildDomain (28ms)
	RebuildCommonClasses (28ms)
	RebuildNativeTypeToScriptingClass (9ms)
	initialDomainReloadingComplete (22ms)
	LoadAllAssembliesAndSetupDomain (174ms)
		LoadAssemblies (218ms)
		RebuildTransferFunctionScriptingTraits (0ms)
		AnalyzeDomain (22ms)
			TypeCache.Refresh (10ms)
				TypeCache.ScanAssembly (1ms)
			ScanForSourceGeneratedMonoScriptInfo (6ms)
			ResolveRequiredComponents (4ms)
	FinalizeReload (696ms)
		ReleaseScriptCaches (0ms)
		RebuildScriptCaches (0ms)
		SetupLoadedEditorAssemblies (350ms)
			LogAssemblyErrors (0ms)
			InitializePlatformSupportModulesInManaged (15ms)
			SetLoadedEditorAssemblies (4ms)
			RefreshPlugins (0ms)
			BeforeProcessingInitializeOnLoad (50ms)
			ProcessInitializeOnLoadAttributes (260ms)
			ProcessInitializeOnLoadMethodAttributes (17ms)
			AfterProcessingInitializeOnLoad (4ms)
			EditorAssembliesLoaded (0ms)
		ExecutionOrderSort2 (0ms)
		AwakeInstancesAfterBackupRestoration (6ms)
Refreshing native plugins compatible for Editor in 2.05 ms, found 3 plugins.
Preloading 0 native plugins for Editor in 0.00 ms.
Unloading 3111 Unused Serialized files (Serialized files now loaded: 0)
Unloading 14 unused Assets / (28.5 KB). Loaded Objects now: 3623.
Memory consumption went from 118.3 MB to 118.3 MB.
Total: 2.810100 ms (FindLiveObjects: 0.216500 ms CreateObjectMapping: 0.076900 ms MarkObjects: 2.466900 ms  DeleteObjects: 0.048700 ms)

Prepare: number of updated asset objects reloaded= 0
AssetImportParameters requested are different than current active one (requested -> active):
  custom:container-demuxer-ogg: 62fdf1f143b41e24485cea50d1cbac27 -> 
  custom:scripting/monoscript/fileName/JoystickPlayerExample.cs: b49ed73c06895c00887fd43b2fe13656 -> 2ec96b3abad264f4393a91b76b487cb7
  custom:scripting/monoscript/fileName/JoystickSetterExample.cs: 959f5a79520f07bdb5268f1ee0033001 -> 9ef810522df7cdd512f52a98ae7a04f9
  custom:video-codec-MediaFoundation-h265: 746d11721c4dcdbdad8f713fa42b33f4 -> 
  custom:video-decoder-ogg-theora: a1e56fd34408186e4bbccfd4996cb3dc -> 
  custom:scripting/monoscript/fileName/Ground.cs: 7415901f32c2a0c2fffe55ebf317a3a1 -> 280fef7541238b592d97063dffe109df
  custom:scripting/monoscript/fileName/SpawnBricks.cs: 0295cec3861e916e23a84d166a9927fb -> 582053d9acf820d5a958c8b726272972
  custom:framework-win-MediaFoundation: 216162199b28c13a410421893ffa2e32 -> 
  custom:scripting/monoscript/fileName/DynamicJoystick.cs: 0ab293606d3fa5fd65cbd65e1d06c400 -> fa6fdbd0de9beec4a70bc764c26bb796
  custom:CustomObjectIndexerAttribute: 9a22284fe3817be447336de3de66b15e -> 
  custom:container-demuxer-webm: 4f35f7cbe854078d1ac9338744f61a02 -> 
  custom:scripting/monoscript/fileName/FloatingJoystick.cs: 5ad2d6fd170f0b909c85d006ae763629 -> 516035e2342d093d90fb2bd11ff41e68
  custom:scripting/monoscript/fileName/CameraFollow.cs: f056d39a9671ab128d63c9d9e2ecd81c -> de990732cc429467f8f49571d0872163
  custom:container-muxer-webm: aa71ff27fc2769a1b78a27578f13a17b -> 
  custom:video-decoder-webm-vp8: 9c59270c3fd7afecdb556c50c9e8de78 -> 
  custom:SearchIndexIgnoredProperties: e643bd26f0fe6173181afceb89e7c659 -> 
  custom:AudioImporter_EditorPlatform: d09bf68614088b80899f8185d706f6e7 -> 
  custom:scripting/monoscript/fileName/Brick.cs: 8cb9078d1f2598bc7f04e3199315eb0f -> 60161998205bced4ef4cac3bf3df916a
  custom:scripting/monoscript/fileName/GameData.cs: acba89d778bbd02c9a876d1b37e0a182 -> 
  custom:scripting/monoscript/fileName/JoyStick.cs: 1851da0892d1309863d641cabde99ad3 -> 8ba6cfcd63d331fc66b98b069b66096e
  custom:video-encoder-webm-vp8: eb34c28f22e8b96e1ab97ce403110664 -> 
  custom:audio-decoder-ogg-vorbis: bf7c407c2cedff20999df2af8eb42d56 -> 
  custom:scripting/monoscript/fileName/VariableJoystick.cs: 39f03dc32328afe11ebf2977b1593dda -> 6a21e483212ef280c767be5522709419
  custom:scripting/monoscript/fileName/FixedJoystick.cs: 475c6e1ca66c78aed6c49f6039c5734b -> ceaced0056a716bd82a85e0f3d488361
  custom:scripting/monoscript/fileName/Joystick.cs: efd34e62618f1aa62f745acbb935ce75 -> c13c665079b3ba178e3a8ef05c62070b
  custom:scripting/monoscript/fileName/Player.cs: 5bb3fdd25abedb90511c7231fb5a2164 -> 007e2e63cbf915a2b71612a7f593548a
  custom:audio-encoder-webm-vorbis: bf7c407c2cedff20999df2af8eb42d56 -> 
  custom:scripting/precompiled-assembly-types:Assembly-CSharp: 54767ac3ce9580f075fc58de450b5826 -> 4f00341341029b3e0e5b69341db515f6
  custom:scripting/monoscript/fileName/FileManage.cs: d1dfcfad55f66e169f187936ce367937 -> 5e4acff774afca1ded62d5517c512ff1
========================================================================
Received Prepare
Caller must complete domain reload
Begin MonoManager ReloadAssembly
- Loaded All Assemblies, in  0.342 seconds
Native extension for WindowsStandalone target not found
Native extension for Android target not found
Mono: successfully reloaded assembly
- Finished resetting the current domain, in  0.747 seconds
Domain Reload Profiling: 1088ms
	BeginReloadAssembly (121ms)
		ExecutionOrderSort (0ms)
		DisableScriptedObjects (3ms)
		BackupInstance (0ms)
		ReleaseScriptingObjects (0ms)
		CreateAndSetChildDomain (27ms)
	RebuildCommonClasses (28ms)
	RebuildNativeTypeToScriptingClass (9ms)
	initialDomainReloadingComplete (22ms)
	LoadAllAssembliesAndSetupDomain (160ms)
		LoadAssemblies (209ms)
		RebuildTransferFunctionScriptingTraits (0ms)
		AnalyzeDomain (16ms)
			TypeCache.Refresh (7ms)
				TypeCache.ScanAssembly (0ms)
			ScanForSourceGeneratedMonoScriptInfo (0ms)
			ResolveRequiredComponents (7ms)
	FinalizeReload (748ms)
		ReleaseScriptCaches (0ms)
		RebuildScriptCaches (0ms)
		SetupLoadedEditorAssemblies (387ms)
			LogAssemblyErrors (0ms)
			InitializePlatformSupportModulesInManaged (14ms)
			SetLoadedEditorAssemblies (4ms)
			RefreshPlugins (0ms)
			BeforeProcessingInitializeOnLoad (52ms)
			ProcessInitializeOnLoadAttributes (295ms)
			ProcessInitializeOnLoadMethodAttributes (17ms)
			AfterProcessingInitializeOnLoad (4ms)
			EditorAssembliesLoaded (0ms)
		ExecutionOrderSort2 (0ms)
		AwakeInstancesAfterBackupRestoration (5ms)
Refreshing native plugins compatible for Editor in 2.36 ms, found 3 plugins.
Preloading 0 native plugins for Editor in 0.00 ms.
Unloading 3111 Unused Serialized files (Serialized files now loaded: 0)
Unloading 14 unused Assets / (28.5 KB). Loaded Objects now: 3626.
Memory consumption went from 118.3 MB to 118.3 MB.
Total: 2.633500 ms (FindLiveObjects: 0.238500 ms CreateObjectMapping: 0.083400 ms MarkObjects: 2.272700 ms  DeleteObjects: 0.038000 ms)

Prepare: number of updated asset objects reloaded= 0
AssetImportParameters requested are different than current active one (requested -> active):
  custom:container-demuxer-ogg: 62fdf1f143b41e24485cea50d1cbac27 -> 
  custom:scripting/monoscript/fileName/JoystickPlayerExample.cs: b49ed73c06895c00887fd43b2fe13656 -> 2ec96b3abad264f4393a91b76b487cb7
  custom:scripting/monoscript/fileName/JoystickSetterExample.cs: 959f5a79520f07bdb5268f1ee0033001 -> 9ef810522df7cdd512f52a98ae7a04f9
  custom:video-codec-MediaFoundation-h265: 746d11721c4dcdbdad8f713fa42b33f4 -> 
  custom:video-decoder-ogg-theora: a1e56fd34408186e4bbccfd4996cb3dc -> 
  custom:scripting/monoscript/fileName/Ground.cs: 7415901f32c2a0c2fffe55ebf317a3a1 -> 280fef7541238b592d97063dffe109df
  custom:scripting/monoscript/fileName/SpawnBricks.cs: 0295cec3861e916e23a84d166a9927fb -> 582053d9acf820d5a958c8b726272972
  custom:framework-win-MediaFoundation: 216162199b28c13a410421893ffa2e32 -> 
  custom:scripting/monoscript/fileName/DynamicJoystick.cs: 0ab293606d3fa5fd65cbd65e1d06c400 -> fa6fdbd0de9beec4a70bc764c26bb796
  custom:CustomObjectIndexerAttribute: 9a22284fe3817be447336de3de66b15e -> 
  custom:container-demuxer-webm: 4f35f7cbe854078d1ac9338744f61a02 -> 
  custom:scripting/monoscript/fileName/FloatingJoystick.cs: 5ad2d6fd170f0b909c85d006ae763629 -> 516035e2342d093d90fb2bd11ff41e68
  custom:scripting/monoscript/fileName/CameraFollow.cs: f056d39a9671ab128d63c9d9e2ecd81c -> de990732cc429467f8f49571d0872163
  custom:container-muxer-webm: aa71ff27fc2769a1b78a27578f13a17b -> 
  custom:video-decoder-webm-vp8: 9c59270c3fd7afecdb556c50c9e8de78 -> 
  custom:SearchIndexIgnoredProperties: e643bd26f0fe6173181afceb89e7c659 -> 
  custom:AudioImporter_EditorPlatform: d09bf68614088b80899f8185d706f6e7 -> 
  custom:scripting/monoscript/fileName/Brick.cs: 8cb9078d1f2598bc7f04e3199315eb0f -> 60161998205bced4ef4cac3bf3df916a
  custom:scripting/monoscript/fileName/GameData.cs: acba89d778bbd02c9a876d1b37e0a182 -> 
  custom:scripting/monoscript/fileName/JoyStick.cs: 1851da0892d1309863d641cabde99ad3 -> 8ba6cfcd63d331fc66b98b069b66096e
  custom:video-encoder-webm-vp8: eb34c28f22e8b96e1ab97ce403110664 -> 
  custom:audio-decoder-ogg-vorbis: bf7c407c2cedff20999df2af8eb42d56 -> 
  custom:scripting/monoscript/fileName/VariableJoystick.cs: 39f03dc32328afe11ebf2977b1593dda -> 6a21e483212ef280c767be5522709419
  custom:scripting/monoscript/fileName/FixedJoystick.cs: 475c6e1ca66c78aed6c49f6039c5734b -> ceaced0056a716bd82a85e0f3d488361
  custom:scripting/monoscript/fileName/Joystick.cs: efd34e62618f1aa62f745acbb935ce75 -> c13c665079b3ba178e3a8ef05c62070b
  custom:scripting/monoscript/fileName/Player.cs: 5bb3fdd25abedb90511c7231fb5a2164 -> 007e2e63cbf915a2b71612a7f593548a
  custom:audio-encoder-webm-vorbis: bf7c407c2cedff20999df2af8eb42d56 -> 
  custom:scripting/precompiled-assembly-types:Assembly-CSharp: 54767ac3ce9580f075fc58de450b5826 -> 4f00341341029b3e0e5b69341db515f6
  custom:scripting/monoscript/fileName/FileManage.cs: d1dfcfad55f66e169f187936ce367937 -> 5e4acff774afca1ded62d5517c512ff1
========================================================================
Received Prepare
Caller must complete domain reload
Begin MonoManager ReloadAssembly
- Loaded All Assemblies, in  0.339 seconds
Native extension for WindowsStandalone target not found
Native extension for Android target not found
Mono: successfully reloaded assembly
- Finished resetting the current domain, in  0.724 seconds
Domain Reload Profiling: 1062ms
	BeginReloadAssembly (120ms)
		ExecutionOrderSort (0ms)
		DisableScriptedObjects (4ms)
		BackupInstance (0ms)
		ReleaseScriptingObjects (0ms)
		CreateAndSetChildDomain (28ms)
	RebuildCommonClasses (30ms)
	RebuildNativeTypeToScriptingClass (11ms)
	initialDomainReloadingComplete (22ms)
	LoadAllAssembliesAndSetupDomain (154ms)
		LoadAssemblies (205ms)
		RebuildTransferFunctionScriptingTraits (0ms)
		AnalyzeDomain (12ms)
			TypeCache.Refresh (6ms)
				TypeCache.ScanAssembly (0ms)
			ScanForSourceGeneratedMonoScriptInfo (0ms)
			ResolveRequiredComponents (4ms)
	FinalizeReload (725ms)
		ReleaseScriptCaches (0ms)
		RebuildScriptCaches (0ms)
		SetupLoadedEditorAssemblies (378ms)
			LogAssemblyErrors (0ms)
			InitializePlatformSupportModulesInManaged (17ms)
			SetLoadedEditorAssemblies (4ms)
			RefreshPlugins (0ms)
			BeforeProcessingInitializeOnLoad (51ms)
			ProcessInitializeOnLoadAttributes (285ms)
			ProcessInitializeOnLoadMethodAttributes (16ms)
			AfterProcessingInitializeOnLoad (4ms)
			EditorAssembliesLoaded (0ms)
		ExecutionOrderSort2 (0ms)
		AwakeInstancesAfterBackupRestoration (5ms)
Refreshing native plugins compatible for Editor in 1.99 ms, found 3 plugins.
Preloading 0 native plugins for Editor in 0.00 ms.
Unloading 3111 Unused Serialized files (Serialized files now loaded: 0)
Unloading 14 unused Assets / (28.5 KB). Loaded Objects now: 3629.
Memory consumption went from 118.3 MB to 118.3 MB.
Total: 2.677600 ms (FindLiveObjects: 0.232400 ms CreateObjectMapping: 0.084400 ms MarkObjects: 2.322500 ms  DeleteObjects: 0.037300 ms)

Prepare: number of updated asset objects reloaded= 0
AssetImportParameters requested are different than current active one (requested -> active):
  custom:container-demuxer-ogg: 62fdf1f143b41e24485cea50d1cbac27 -> 
  custom:scripting/monoscript/fileName/JoystickPlayerExample.cs: b49ed73c06895c00887fd43b2fe13656 -> 2ec96b3abad264f4393a91b76b487cb7
  custom:scripting/monoscript/fileName/JoystickSetterExample.cs: 959f5a79520f07bdb5268f1ee0033001 -> 9ef810522df7cdd512f52a98ae7a04f9
  custom:video-codec-MediaFoundation-h265: 746d11721c4dcdbdad8f713fa42b33f4 -> 
  custom:video-decoder-ogg-theora: a1e56fd34408186e4bbccfd4996cb3dc -> 
  custom:scripting/monoscript/fileName/Ground.cs: 7415901f32c2a0c2fffe55ebf317a3a1 -> 280fef7541238b592d97063dffe109df
  custom:scripting/monoscript/fileName/SpawnBricks.cs: 0295cec3861e916e23a84d166a9927fb -> 582053d9acf820d5a958c8b726272972
  custom:framework-win-MediaFoundation: 216162199b28c13a410421893ffa2e32 -> 
  custom:scripting/monoscript/fileName/DynamicJoystick.cs: 0ab293606d3fa5fd65cbd65e1d06c400 -> fa6fdbd0de9beec4a70bc764c26bb796
  custom:CustomObjectIndexerAttribute: 9a22284fe3817be447336de3de66b15e -> 
  custom:container-demuxer-webm: 4f35f7cbe854078d1ac9338744f61a02 -> 
  custom:scripting/monoscript/fileName/FloatingJoystick.cs: 5ad2d6fd170f0b909c85d006ae763629 -> 516035e2342d093d90fb2bd11ff41e68
  custom:scripting/monoscript/fileName/CameraFollow.cs: f056d39a9671ab128d63c9d9e2ecd81c -> de990732cc429467f8f49571d0872163
  custom:container-muxer-webm: aa71ff27fc2769a1b78a27578f13a17b -> 
  custom:video-decoder-webm-vp8: 9c59270c3fd7afecdb556c50c9e8de78 -> 
  custom:SearchIndexIgnoredProperties: e643bd26f0fe6173181afceb89e7c659 -> 
  custom:AudioImporter_EditorPlatform: d09bf68614088b80899f8185d706f6e7 -> 
  custom:scripting/monoscript/fileName/Brick.cs: 8cb9078d1f2598bc7f04e3199315eb0f -> 60161998205bced4ef4cac3bf3df916a
  custom:scripting/monoscript/fileName/GameData.cs: acba89d778bbd02c9a876d1b37e0a182 -> 
  custom:scripting/monoscript/fileName/JoyStick.cs: 1851da0892d1309863d641cabde99ad3 -> 8ba6cfcd63d331fc66b98b069b66096e
  custom:video-encoder-webm-vp8: eb34c28f22e8b96e1ab97ce403110664 -> 
  custom:audio-decoder-ogg-vorbis: bf7c407c2cedff20999df2af8eb42d56 -> 
  custom:scripting/monoscript/fileName/VariableJoystick.cs: 39f03dc32328afe11ebf2977b1593dda -> 6a21e483212ef280c767be5522709419
  custom:scripting/monoscript/fileName/FixedJoystick.cs: 475c6e1ca66c78aed6c49f6039c5734b -> ceaced0056a716bd82a85e0f3d488361
  custom:scripting/monoscript/fileName/Joystick.cs: efd34e62618f1aa62f745acbb935ce75 -> c13c665079b3ba178e3a8ef05c62070b
  custom:scripting/monoscript/fileName/Player.cs: 5bb3fdd25abedb90511c7231fb5a2164 -> 007e2e63cbf915a2b71612a7f593548a
  custom:audio-encoder-webm-vorbis: bf7c407c2cedff20999df2af8eb42d56 -> 
  custom:scripting/precompiled-assembly-types:Assembly-CSharp: 54767ac3ce9580f075fc58de450b5826 -> 4f00341341029b3e0e5b69341db515f6
  custom:scripting/monoscript/fileName/FileManage.cs: d1dfcfad55f66e169f187936ce367937 -> 5e4acff774afca1ded62d5517c512ff1
========================================================================
Received Prepare
Caller must complete domain reload
Begin MonoManager ReloadAssembly
- Loaded All Assemblies, in  0.321 seconds
Native extension for WindowsStandalone target not found
Native extension for Android target not found
Mono: successfully reloaded assembly
- Finished resetting the current domain, in  0.714 seconds
Domain Reload Profiling: 1034ms
	BeginReloadAssembly (117ms)
		ExecutionOrderSort (0ms)
		DisableScriptedObjects (3ms)
		BackupInstance (0ms)
		ReleaseScriptingObjects (0ms)
		CreateAndSetChildDomain (26ms)
	RebuildCommonClasses (26ms)
	RebuildNativeTypeToScriptingClass (9ms)
	initialDomainReloadingComplete (20ms)
	LoadAllAssembliesAndSetupDomain (147ms)
		LoadAssemblies (197ms)
		RebuildTransferFunctionScriptingTraits (0ms)
		AnalyzeDomain (11ms)
			TypeCache.Refresh (5ms)
				TypeCache.ScanAssembly (0ms)
			ScanForSourceGeneratedMonoScriptInfo (0ms)
			ResolveRequiredComponents (4ms)
	FinalizeReload (715ms)
		ReleaseScriptCaches (0ms)
		RebuildScriptCaches (0ms)
		SetupLoadedEditorAssemblies (381ms)
			LogAssemblyErrors (0ms)
			InitializePlatformSupportModulesInManaged (13ms)
			SetLoadedEditorAssemblies (5ms)
			RefreshPlugins (0ms)
			BeforeProcessingInitializeOnLoad (53ms)
			ProcessInitializeOnLoadAttributes (290ms)
			ProcessInitializeOnLoadMethodAttributes (17ms)
			AfterProcessingInitializeOnLoad (4ms)
			EditorAssembliesLoaded (0ms)
		ExecutionOrderSort2 (0ms)
		AwakeInstancesAfterBackupRestoration (5ms)
Refreshing native plugins compatible for Editor in 2.09 ms, found 3 plugins.
Preloading 0 native plugins for Editor in 0.00 ms.
Unloading 3111 Unused Serialized files (Serialized files now loaded: 0)
Unloading 14 unused Assets / (28.5 KB). Loaded Objects now: 3632.
Memory consumption went from 118.3 MB to 118.3 MB.
Total: 2.583500 ms (FindLiveObjects: 0.202600 ms CreateObjectMapping: 0.072600 ms MarkObjects: 2.250500 ms  DeleteObjects: 0.056800 ms)

Prepare: number of updated asset objects reloaded= 0
AssetImportParameters requested are different than current active one (requested -> active):
  custom:container-demuxer-ogg: 62fdf1f143b41e24485cea50d1cbac27 -> 
  custom:scripting/monoscript/fileName/JoystickPlayerExample.cs: b49ed73c06895c00887fd43b2fe13656 -> 2ec96b3abad264f4393a91b76b487cb7
  custom:scripting/monoscript/fileName/JoystickSetterExample.cs: 959f5a79520f07bdb5268f1ee0033001 -> 9ef810522df7cdd512f52a98ae7a04f9
  custom:video-codec-MediaFoundation-h265: 746d11721c4dcdbdad8f713fa42b33f4 -> 
  custom:video-decoder-ogg-theora: a1e56fd34408186e4bbccfd4996cb3dc -> 
  custom:scripting/monoscript/fileName/Ground.cs: 7415901f32c2a0c2fffe55ebf317a3a1 -> 280fef7541238b592d97063dffe109df
  custom:scripting/monoscript/fileName/SpawnBricks.cs: 0295cec3861e916e23a84d166a9927fb -> 582053d9acf820d5a958c8b726272972
  custom:framework-win-MediaFoundation: 216162199b28c13a410421893ffa2e32 -> 
  custom:scripting/monoscript/fileName/DynamicJoystick.cs: 0ab293606d3fa5fd65cbd65e1d06c400 -> fa6fdbd0de9beec4a70bc764c26bb796
  custom:CustomObjectIndexerAttribute: 9a22284fe3817be447336de3de66b15e -> 
  custom:container-demuxer-webm: 4f35f7cbe854078d1ac9338744f61a02 -> 
  custom:scripting/monoscript/fileName/FloatingJoystick.cs: 5ad2d6fd170f0b909c85d006ae763629 -> 516035e2342d093d90fb2bd11ff41e68
  custom:scripting/monoscript/fileName/CameraFollow.cs: f056d39a9671ab128d63c9d9e2ecd81c -> de990732cc429467f8f49571d0872163
  custom:container-muxer-webm: aa71ff27fc2769a1b78a27578f13a17b -> 
  custom:video-decoder-webm-vp8: 9c59270c3fd7afecdb556c50c9e8de78 -> 
  custom:SearchIndexIgnoredProperties: e643bd26f0fe6173181afceb89e7c659 -> 
  custom:AudioImporter_EditorPlatform: d09bf68614088b80899f8185d706f6e7 -> 
  custom:scripting/monoscript/fileName/Brick.cs: 8cb9078d1f2598bc7f04e3199315eb0f -> 60161998205bced4ef4cac3bf3df916a
  custom:scripting/monoscript/fileName/GameData.cs: acba89d778bbd02c9a876d1b37e0a182 -> 
  custom:scripting/monoscript/fileName/JoyStick.cs: 1851da0892d1309863d641cabde99ad3 -> 8ba6cfcd63d331fc66b98b069b66096e
  custom:video-encoder-webm-vp8: eb34c28f22e8b96e1ab97ce403110664 -> 
  custom:audio-decoder-ogg-vorbis: bf7c407c2cedff20999df2af8eb42d56 -> 
  custom:scripting/monoscript/fileName/VariableJoystick.cs: 39f03dc32328afe11ebf2977b1593dda -> 6a21e483212ef280c767be5522709419
  custom:scripting/monoscript/fileName/FixedJoystick.cs: 475c6e1ca66c78aed6c49f6039c5734b -> ceaced0056a716bd82a85e0f3d488361
  custom:scripting/monoscript/fileName/Joystick.cs: efd34e62618f1aa62f745acbb935ce75 -> c13c665079b3ba178e3a8ef05c62070b
  custom:scripting/monoscript/fileName/Player.cs: 5bb3fdd25abedb90511c7231fb5a2164 -> 007e2e63cbf915a2b71612a7f593548a
  custom:audio-encoder-webm-vorbis: bf7c407c2cedff20999df2af8eb42d56 -> 
  custom:scripting/precompiled-assembly-types:Assembly-CSharp: 54767ac3ce9580f075fc58de450b5826 -> 4f00341341029b3e0e5b69341db515f6
  custom:scripting/monoscript/fileName/FileManage.cs: d1dfcfad55f66e169f187936ce367937 -> 5e4acff774afca1ded62d5517c512ff1
========================================================================
Received Prepare
Caller must complete domain reload
Begin MonoManager ReloadAssembly
- Loaded All Assemblies, in  0.392 seconds
Native extension for WindowsStandalone target not found
Native extension for Android target not found
Mono: successfully reloaded assembly
- Finished resetting the current domain, in  0.765 seconds
Domain Reload Profiling: 1156ms
	BeginReloadAssembly (136ms)
		ExecutionOrderSort (0ms)
		DisableScriptedObjects (4ms)
		BackupInstance (0ms)
		ReleaseScriptingObjects (0ms)
		CreateAndSetChildDomain (30ms)
	RebuildCommonClasses (34ms)
	RebuildNativeTypeToScriptingClass (9ms)
	initialDomainReloadingComplete (30ms)
	LoadAllAssembliesAndSetupDomain (182ms)
		LoadAssemblies (227ms)
		RebuildTransferFunctionScriptingTraits (0ms)
		AnalyzeDomain (26ms)
			TypeCache.Refresh (8ms)
				TypeCache.ScanAssembly (0ms)
			ScanForSourceGeneratedMonoScriptInfo (9ms)
			ResolveRequiredComponents (6ms)
	FinalizeReload (766ms)
		ReleaseScriptCaches (0ms)
		RebuildScriptCaches (0ms)
		SetupLoadedEditorAssemblies (393ms)
			LogAssemblyErrors (0ms)
			InitializePlatformSupportModulesInManaged (14ms)
			SetLoadedEditorAssemblies (4ms)
			RefreshPlugins (0ms)
			BeforeProcessingInitializeOnLoad (53ms)
			ProcessInitializeOnLoadAttributes (300ms)
			ProcessInitializeOnLoadMethodAttributes (18ms)
			AfterProcessingInitializeOnLoad (4ms)
			EditorAssembliesLoaded (0ms)
		ExecutionOrderSort2 (0ms)
		AwakeInstancesAfterBackupRestoration (5ms)
Refreshing native plugins compatible for Editor in 2.22 ms, found 3 plugins.
Preloading 0 native plugins for Editor in 0.00 ms.
Unloading 3111 Unused Serialized files (Serialized files now loaded: 0)
Unloading 14 unused Assets / (28.6 KB). Loaded Objects now: 3635.
Memory consumption went from 118.3 MB to 118.3 MB.
Total: 2.421000 ms (FindLiveObjects: 0.237200 ms CreateObjectMapping: 0.076800 ms MarkObjects: 2.054500 ms  DeleteObjects: 0.051500 ms)

Prepare: number of updated asset objects reloaded= 0
AssetImportParameters requested are different than current active one (requested -> active):
  custom:container-demuxer-ogg: 62fdf1f143b41e24485cea50d1cbac27 -> 
  custom:scripting/monoscript/fileName/JoystickPlayerExample.cs: b49ed73c06895c00887fd43b2fe13656 -> 2ec96b3abad264f4393a91b76b487cb7
  custom:scripting/monoscript/fileName/JoystickSetterExample.cs: 959f5a79520f07bdb5268f1ee0033001 -> 9ef810522df7cdd512f52a98ae7a04f9
  custom:video-codec-MediaFoundation-h265: 746d11721c4dcdbdad8f713fa42b33f4 -> 
  custom:video-decoder-ogg-theora: a1e56fd34408186e4bbccfd4996cb3dc -> 
  custom:scripting/monoscript/fileName/Ground.cs: 7415901f32c2a0c2fffe55ebf317a3a1 -> 280fef7541238b592d97063dffe109df
  custom:scripting/monoscript/fileName/SpawnBricks.cs: 0295cec3861e916e23a84d166a9927fb -> 582053d9acf820d5a958c8b726272972
  custom:framework-win-MediaFoundation: 216162199b28c13a410421893ffa2e32 -> 
  custom:scripting/monoscript/fileName/DynamicJoystick.cs: 0ab293606d3fa5fd65cbd65e1d06c400 -> fa6fdbd0de9beec4a70bc764c26bb796
  custom:CustomObjectIndexerAttribute: 9a22284fe3817be447336de3de66b15e -> 
  custom:container-demuxer-webm: 4f35f7cbe854078d1ac9338744f61a02 -> 
  custom:scripting/monoscript/fileName/FloatingJoystick.cs: 5ad2d6fd170f0b909c85d006ae763629 -> 516035e2342d093d90fb2bd11ff41e68
  custom:scripting/monoscript/fileName/CameraFollow.cs: f056d39a9671ab128d63c9d9e2ecd81c -> de990732cc429467f8f49571d0872163
  custom:container-muxer-webm: aa71ff27fc2769a1b78a27578f13a17b -> 
  custom:video-decoder-webm-vp8: 9c59270c3fd7afecdb556c50c9e8de78 -> 
  custom:SearchIndexIgnoredProperties: e643bd26f0fe6173181afceb89e7c659 -> 
  custom:AudioImporter_EditorPlatform: d09bf68614088b80899f8185d706f6e7 -> 
  custom:scripting/monoscript/fileName/Brick.cs: 8cb9078d1f2598bc7f04e3199315eb0f -> 60161998205bced4ef4cac3bf3df916a
  custom:scripting/monoscript/fileName/GameData.cs: acba89d778bbd02c9a876d1b37e0a182 -> 
  custom:scripting/monoscript/fileName/JoyStick.cs: 1851da0892d1309863d641cabde99ad3 -> 8ba6cfcd63d331fc66b98b069b66096e
  custom:video-encoder-webm-vp8: eb34c28f22e8b96e1ab97ce403110664 -> 
  custom:audio-decoder-ogg-vorbis: bf7c407c2cedff20999df2af8eb42d56 -> 
  custom:scripting/monoscript/fileName/VariableJoystick.cs: 39f03dc32328afe11ebf2977b1593dda -> 6a21e483212ef280c767be5522709419
  custom:scripting/monoscript/fileName/FixedJoystick.cs: 475c6e1ca66c78aed6c49f6039c5734b -> ceaced0056a716bd82a85e0f3d488361
  custom:scripting/monoscript/fileName/Joystick.cs: efd34e62618f1aa62f745acbb935ce75 -> c13c665079b3ba178e3a8ef05c62070b
  custom:scripting/monoscript/fileName/Player.cs: 5bb3fdd25abedb90511c7231fb5a2164 -> 007e2e63cbf915a2b71612a7f593548a
  custom:audio-encoder-webm-vorbis: bf7c407c2cedff20999df2af8eb42d56 -> 
  custom:scripting/precompiled-assembly-types:Assembly-CSharp: 54767ac3ce9580f075fc58de450b5826 -> 4f00341341029b3e0e5b69341db515f6
  custom:scripting/monoscript/fileName/FileManage.cs: d1dfcfad55f66e169f187936ce367937 -> 5e4acff774afca1ded62d5517c512ff1
========================================================================
Received Prepare
Caller must complete domain reload
Begin MonoManager ReloadAssembly
- Loaded All Assemblies, in  0.355 seconds
Native extension for WindowsStandalone target not found
Native extension for Android target not found
Mono: successfully reloaded assembly
- Finished resetting the current domain, in  0.775 seconds
Domain Reload Profiling: 1129ms
	BeginReloadAssembly (128ms)
		ExecutionOrderSort (0ms)
		DisableScriptedObjects (4ms)
		BackupInstance (0ms)
		ReleaseScriptingObjects (0ms)
		CreateAndSetChildDomain (34ms)
	RebuildCommonClasses (27ms)
	RebuildNativeTypeToScriptingClass (9ms)
	initialDomainReloadingComplete (24ms)
	LoadAllAssembliesAndSetupDomain (166ms)
		LoadAssemblies (218ms)
		RebuildTransferFunctionScriptingTraits (0ms)
		AnalyzeDomain (12ms)
			TypeCache.Refresh (6ms)
				TypeCache.ScanAssembly (0ms)
			ScanForSourceGeneratedMonoScriptInfo (0ms)
			ResolveRequiredComponents (4ms)
	FinalizeReload (776ms)
		ReleaseScriptCaches (0ms)
		RebuildScriptCaches (0ms)
		SetupLoadedEditorAssemblies (401ms)
			LogAssemblyErrors (0ms)
			InitializePlatformSupportModulesInManaged (15ms)
			SetLoadedEditorAssemblies (4ms)
			RefreshPlugins (0ms)
			BeforeProcessingInitializeOnLoad (55ms)
			ProcessInitializeOnLoadAttributes (302ms)
			ProcessInitializeOnLoadMethodAttributes (20ms)
			AfterProcessingInitializeOnLoad (5ms)
			EditorAssembliesLoaded (0ms)
		ExecutionOrderSort2 (0ms)
		AwakeInstancesAfterBackupRestoration (7ms)
Refreshing native plugins compatible for Editor in 2.40 ms, found 3 plugins.
Preloading 0 native plugins for Editor in 0.00 ms.
Unloading 3111 Unused Serialized files (Serialized files now loaded: 0)
Unloading 14 unused Assets / (28.5 KB). Loaded Objects now: 3638.
Memory consumption went from 118.3 MB to 118.3 MB.
Total: 2.650300 ms (FindLiveObjects: 0.234400 ms CreateObjectMapping: 0.086000 ms MarkObjects: 2.280200 ms  DeleteObjects: 0.048200 ms)

Prepare: number of updated asset objects reloaded= 0
AssetImportParameters requested are different than current active one (requested -> active):
  custom:container-demuxer-ogg: 62fdf1f143b41e24485cea50d1cbac27 -> 
  custom:scripting/monoscript/fileName/JoystickPlayerExample.cs: b49ed73c06895c00887fd43b2fe13656 -> 2ec96b3abad264f4393a91b76b487cb7
  custom:scripting/monoscript/fileName/JoystickSetterExample.cs: 959f5a79520f07bdb5268f1ee0033001 -> 9ef810522df7cdd512f52a98ae7a04f9
  custom:video-codec-MediaFoundation-h265: 746d11721c4dcdbdad8f713fa42b33f4 -> 
  custom:video-decoder-ogg-theora: a1e56fd34408186e4bbccfd4996cb3dc -> 
  custom:scripting/monoscript/fileName/Ground.cs: 7415901f32c2a0c2fffe55ebf317a3a1 -> 280fef7541238b592d97063dffe109df
  custom:scripting/monoscript/fileName/SpawnBricks.cs: 0295cec3861e916e23a84d166a9927fb -> 582053d9acf820d5a958c8b726272972
  custom:framework-win-MediaFoundation: 216162199b28c13a410421893ffa2e32 -> 
  custom:scripting/monoscript/fileName/DynamicJoystick.cs: 0ab293606d3fa5fd65cbd65e1d06c400 -> fa6fdbd0de9beec4a70bc764c26bb796
  custom:CustomObjectIndexerAttribute: 9a22284fe3817be447336de3de66b15e -> 
  custom:container-demuxer-webm: 4f35f7cbe854078d1ac9338744f61a02 -> 
  custom:scripting/monoscript/fileName/FloatingJoystick.cs: 5ad2d6fd170f0b909c85d006ae763629 -> 516035e2342d093d90fb2bd11ff41e68
  custom:scripting/monoscript/fileName/CameraFollow.cs: f056d39a9671ab128d63c9d9e2ecd81c -> de990732cc429467f8f49571d0872163
  custom:container-muxer-webm: aa71ff27fc2769a1b78a27578f13a17b -> 
  custom:video-decoder-webm-vp8: 9c59270c3fd7afecdb556c50c9e8de78 -> 
  custom:SearchIndexIgnoredProperties: e643bd26f0fe6173181afceb89e7c659 -> 
  custom:AudioImporter_EditorPlatform: d09bf68614088b80899f8185d706f6e7 -> 
  custom:scripting/monoscript/fileName/Brick.cs: 8cb9078d1f2598bc7f04e3199315eb0f -> 60161998205bced4ef4cac3bf3df916a
  custom:scripting/monoscript/fileName/GameData.cs: acba89d778bbd02c9a876d1b37e0a182 -> 
  custom:scripting/monoscript/fileName/JoyStick.cs: 1851da0892d1309863d641cabde99ad3 -> 8ba6cfcd63d331fc66b98b069b66096e
  custom:video-encoder-webm-vp8: eb34c28f22e8b96e1ab97ce403110664 -> 
  custom:audio-decoder-ogg-vorbis: bf7c407c2cedff20999df2af8eb42d56 -> 
  custom:scripting/monoscript/fileName/VariableJoystick.cs: 39f03dc32328afe11ebf2977b1593dda -> 6a21e483212ef280c767be5522709419
  custom:scripting/monoscript/fileName/FixedJoystick.cs: 475c6e1ca66c78aed6c49f6039c5734b -> ceaced0056a716bd82a85e0f3d488361
  custom:scripting/monoscript/fileName/Joystick.cs: efd34e62618f1aa62f745acbb935ce75 -> c13c665079b3ba178e3a8ef05c62070b
  custom:scripting/monoscript/fileName/Player.cs: 5bb3fdd25abedb90511c7231fb5a2164 -> 007e2e63cbf915a2b71612a7f593548a
  custom:audio-encoder-webm-vorbis: bf7c407c2cedff20999df2af8eb42d56 -> 
  custom:scripting/precompiled-assembly-types:Assembly-CSharp: 54767ac3ce9580f075fc58de450b5826 -> 4f00341341029b3e0e5b69341db515f6
  custom:scripting/monoscript/fileName/FileManage.cs: d1dfcfad55f66e169f187936ce367937 -> 5e4acff774afca1ded62d5517c512ff1
========================================================================
Received Prepare
Caller must complete domain reload
Begin MonoManager ReloadAssembly
- Loaded All Assemblies, in  0.335 seconds
Native extension for WindowsStandalone target not found
Native extension for Android target not found
Mono: successfully reloaded assembly
- Finished resetting the current domain, in  0.770 seconds
Domain Reload Profiling: 1103ms
	BeginReloadAssembly (122ms)
		ExecutionOrderSort (0ms)
		DisableScriptedObjects (3ms)
		BackupInstance (0ms)
		ReleaseScriptingObjects (0ms)
		CreateAndSetChildDomain (27ms)
	RebuildCommonClasses (29ms)
	RebuildNativeTypeToScriptingClass (10ms)
	initialDomainReloadingComplete (21ms)
	LoadAllAssembliesAndSetupDomain (151ms)
		LoadAssemblies (204ms)
		RebuildTransferFunctionScriptingTraits (0ms)
		AnalyzeDomain (12ms)
			TypeCache.Refresh (6ms)
				TypeCache.ScanAssembly (0ms)
			ScanForSourceGeneratedMonoScriptInfo (0ms)
			ResolveRequiredComponents (4ms)
	FinalizeReload (770ms)
		ReleaseScriptCaches (0ms)
		RebuildScriptCaches (0ms)
		SetupLoadedEditorAssemblies (399ms)
			LogAssemblyErrors (0ms)
			InitializePlatformSupportModulesInManaged (14ms)
			SetLoadedEditorAssemblies (4ms)
			RefreshPlugins (0ms)
			BeforeProcessingInitializeOnLoad (52ms)
			ProcessInitializeOnLoadAttributes (305ms)
			ProcessInitializeOnLoadMethodAttributes (19ms)
			AfterProcessingInitializeOnLoad (4ms)
			EditorAssembliesLoaded (0ms)
		ExecutionOrderSort2 (0ms)
		AwakeInstancesAfterBackupRestoration (6ms)
Refreshing native plugins compatible for Editor in 2.05 ms, found 3 plugins.
Preloading 0 native plugins for Editor in 0.00 ms.
Unloading 3111 Unused Serialized files (Serialized files now loaded: 0)
Unloading 14 unused Assets / (28.5 KB). Loaded Objects now: 3641.
Memory consumption went from 118.3 MB to 118.3 MB.
Total: 3.062400 ms (FindLiveObjects: 0.261100 ms CreateObjectMapping: 0.084900 ms MarkObjects: 2.626500 ms  DeleteObjects: 0.088300 ms)

Prepare: number of updated asset objects reloaded= 0
AssetImportParameters requested are different than current active one (requested -> active):
  custom:container-demuxer-ogg: 62fdf1f143b41e24485cea50d1cbac27 -> 
  custom:scripting/monoscript/fileName/JoystickPlayerExample.cs: b49ed73c06895c00887fd43b2fe13656 -> 2ec96b3abad264f4393a91b76b487cb7
  custom:scripting/monoscript/fileName/JoystickSetterExample.cs: 959f5a79520f07bdb5268f1ee0033001 -> 9ef810522df7cdd512f52a98ae7a04f9
  custom:video-codec-MediaFoundation-h265: 746d11721c4dcdbdad8f713fa42b33f4 -> 
  custom:video-decoder-ogg-theora: a1e56fd34408186e4bbccfd4996cb3dc -> 
  custom:scripting/monoscript/fileName/Ground.cs: 7415901f32c2a0c2fffe55ebf317a3a1 -> 280fef7541238b592d97063dffe109df
  custom:scripting/monoscript/fileName/SpawnBricks.cs: 0295cec3861e916e23a84d166a9927fb -> 582053d9acf820d5a958c8b726272972
  custom:framework-win-MediaFoundation: 216162199b28c13a410421893ffa2e32 -> 
  custom:scripting/monoscript/fileName/DynamicJoystick.cs: 0ab293606d3fa5fd65cbd65e1d06c400 -> fa6fdbd0de9beec4a70bc764c26bb796
  custom:CustomObjectIndexerAttribute: 9a22284fe3817be447336de3de66b15e -> 
  custom:container-demuxer-webm: 4f35f7cbe854078d1ac9338744f61a02 -> 
  custom:scripting/monoscript/fileName/FloatingJoystick.cs: 5ad2d6fd170f0b909c85d006ae763629 -> 516035e2342d093d90fb2bd11ff41e68
  custom:scripting/monoscript/fileName/CameraFollow.cs: f056d39a9671ab128d63c9d9e2ecd81c -> de990732cc429467f8f49571d0872163
  custom:container-muxer-webm: aa71ff27fc2769a1b78a27578f13a17b -> 
  custom:video-decoder-webm-vp8: 9c59270c3fd7afecdb556c50c9e8de78 -> 
  custom:SearchIndexIgnoredProperties: e643bd26f0fe6173181afceb89e7c659 -> 
  custom:AudioImporter_EditorPlatform: d09bf68614088b80899f8185d706f6e7 -> 
  custom:scripting/monoscript/fileName/Brick.cs: 8cb9078d1f2598bc7f04e3199315eb0f -> 60161998205bced4ef4cac3bf3df916a
  custom:scripting/monoscript/fileName/GameData.cs: acba89d778bbd02c9a876d1b37e0a182 -> 
  custom:scripting/monoscript/fileName/JoyStick.cs: 1851da0892d1309863d641cabde99ad3 -> 8ba6cfcd63d331fc66b98b069b66096e
  custom:video-encoder-webm-vp8: eb34c28f22e8b96e1ab97ce403110664 -> 
  custom:audio-decoder-ogg-vorbis: bf7c407c2cedff20999df2af8eb42d56 -> 
  custom:scripting/monoscript/fileName/VariableJoystick.cs: 39f03dc32328afe11ebf2977b1593dda -> 6a21e483212ef280c767be5522709419
  custom:scripting/monoscript/fileName/FixedJoystick.cs: 475c6e1ca66c78aed6c49f6039c5734b -> ceaced0056a716bd82a85e0f3d488361
  custom:scripting/monoscript/fileName/Joystick.cs: efd34e62618f1aa62f745acbb935ce75 -> c13c665079b3ba178e3a8ef05c62070b
  custom:scripting/monoscript/fileName/Player.cs: 5bb3fdd25abedb90511c7231fb5a2164 -> 007e2e63cbf915a2b71612a7f593548a
  custom:audio-encoder-webm-vorbis: bf7c407c2cedff20999df2af8eb42d56 -> 
  custom:scripting/precompiled-assembly-types:Assembly-CSharp: 54767ac3ce9580f075fc58de450b5826 -> 4f00341341029b3e0e5b69341db515f6
  custom:scripting/monoscript/fileName/FileManage.cs: d1dfcfad55f66e169f187936ce367937 -> 5e4acff774afca1ded62d5517c512ff1
========================================================================
Received Prepare
Caller must complete domain reload
Begin MonoManager ReloadAssembly
- Loaded All Assemblies, in  0.440 seconds
Native extension for WindowsStandalone target not found
Native extension for Android target not found
Mono: successfully reloaded assembly
- Finished resetting the current domain, in  0.808 seconds
Domain Reload Profiling: 1247ms
	BeginReloadAssembly (142ms)
		ExecutionOrderSort (0ms)
		DisableScriptedObjects (5ms)
		BackupInstance (0ms)
		ReleaseScriptingObjects (0ms)
		CreateAndSetChildDomain (35ms)
	RebuildCommonClasses (36ms)
	RebuildNativeTypeToScriptingClass (10ms)
	initialDomainReloadingComplete (24ms)
	LoadAllAssembliesAndSetupDomain (227ms)
		LoadAssemblies (280ms)
		RebuildTransferFunctionScriptingTraits (0ms)
		AnalyzeDomain (20ms)
			TypeCache.Refresh (9ms)
				TypeCache.ScanAssembly (0ms)
			ScanForSourceGeneratedMonoScriptInfo (6ms)
			ResolveRequiredComponents (4ms)
	FinalizeReload (808ms)
		ReleaseScriptCaches (0ms)
		RebuildScriptCaches (0ms)
		SetupLoadedEditorAssemblies (426ms)
			LogAssemblyErrors (0ms)
			InitializePlatformSupportModulesInManaged (16ms)
			SetLoadedEditorAssemblies (4ms)
			RefreshPlugins (0ms)
			BeforeProcessingInitializeOnLoad (49ms)
			ProcessInitializeOnLoadAttributes (337ms)
			ProcessInitializeOnLoadMethodAttributes (17ms)
			AfterProcessingInitializeOnLoad (4ms)
			EditorAssembliesLoaded (0ms)
		ExecutionOrderSort2 (0ms)
		AwakeInstancesAfterBackupRestoration (5ms)
Refreshing native plugins compatible for Editor in 2.10 ms, found 3 plugins.
Preloading 0 native plugins for Editor in 0.00 ms.
Unloading 3111 Unused Serialized files (Serialized files now loaded: 0)
Unloading 14 unused Assets / (28.5 KB). Loaded Objects now: 3644.
Memory consumption went from 118.3 MB to 118.3 MB.
Total: 2.758300 ms (FindLiveObjects: 0.274100 ms CreateObjectMapping: 0.095800 ms MarkObjects: 2.340700 ms  DeleteObjects: 0.046900 ms)

Prepare: number of updated asset objects reloaded= 0
AssetImportParameters requested are different than current active one (requested -> active):
  custom:container-demuxer-ogg: 62fdf1f143b41e24485cea50d1cbac27 -> 
  custom:scripting/monoscript/fileName/JoystickPlayerExample.cs: b49ed73c06895c00887fd43b2fe13656 -> 2ec96b3abad264f4393a91b76b487cb7
  custom:scripting/monoscript/fileName/JoystickSetterExample.cs: 959f5a79520f07bdb5268f1ee0033001 -> 9ef810522df7cdd512f52a98ae7a04f9
  custom:video-codec-MediaFoundation-h265: 746d11721c4dcdbdad8f713fa42b33f4 -> 
  custom:video-decoder-ogg-theora: a1e56fd34408186e4bbccfd4996cb3dc -> 
  custom:scripting/monoscript/fileName/Ground.cs: 7415901f32c2a0c2fffe55ebf317a3a1 -> 280fef7541238b592d97063dffe109df
  custom:scripting/monoscript/fileName/SpawnBricks.cs: 0295cec3861e916e23a84d166a9927fb -> 582053d9acf820d5a958c8b726272972
  custom:framework-win-MediaFoundation: 216162199b28c13a410421893ffa2e32 -> 
  custom:scripting/monoscript/fileName/DynamicJoystick.cs: 0ab293606d3fa5fd65cbd65e1d06c400 -> fa6fdbd0de9beec4a70bc764c26bb796
  custom:CustomObjectIndexerAttribute: 9a22284fe3817be447336de3de66b15e -> 
  custom:container-demuxer-webm: 4f35f7cbe854078d1ac9338744f61a02 -> 
  custom:scripting/monoscript/fileName/FloatingJoystick.cs: 5ad2d6fd170f0b909c85d006ae763629 -> 516035e2342d093d90fb2bd11ff41e68
  custom:scripting/monoscript/fileName/CameraFollow.cs: f056d39a9671ab128d63c9d9e2ecd81c -> de990732cc429467f8f49571d0872163
  custom:container-muxer-webm: aa71ff27fc2769a1b78a27578f13a17b -> 
  custom:video-decoder-webm-vp8: 9c59270c3fd7afecdb556c50c9e8de78 -> 
  custom:SearchIndexIgnoredProperties: e643bd26f0fe6173181afceb89e7c659 -> 
  custom:AudioImporter_EditorPlatform: d09bf68614088b80899f8185d706f6e7 -> 
  custom:scripting/monoscript/fileName/Brick.cs: 8cb9078d1f2598bc7f04e3199315eb0f -> 60161998205bced4ef4cac3bf3df916a
  custom:scripting/monoscript/fileName/GameData.cs: acba89d778bbd02c9a876d1b37e0a182 -> 
  custom:scripting/monoscript/fileName/JoyStick.cs: 1851da0892d1309863d641cabde99ad3 -> 8ba6cfcd63d331fc66b98b069b66096e
  custom:video-encoder-webm-vp8: eb34c28f22e8b96e1ab97ce403110664 -> 
  custom:audio-decoder-ogg-vorbis: bf7c407c2cedff20999df2af8eb42d56 -> 
  custom:scripting/monoscript/fileName/VariableJoystick.cs: 39f03dc32328afe11ebf2977b1593dda -> 6a21e483212ef280c767be5522709419
  custom:scripting/monoscript/fileName/FixedJoystick.cs: 475c6e1ca66c78aed6c49f6039c5734b -> ceaced0056a716bd82a85e0f3d488361
  custom:scripting/monoscript/fileName/Joystick.cs: efd34e62618f1aa62f745acbb935ce75 -> c13c665079b3ba178e3a8ef05c62070b
  custom:scripting/monoscript/fileName/Player.cs: 5bb3fdd25abedb90511c7231fb5a2164 -> 007e2e63cbf915a2b71612a7f593548a
  custom:audio-encoder-webm-vorbis: bf7c407c2cedff20999df2af8eb42d56 -> 
  custom:scripting/precompiled-assembly-types:Assembly-CSharp: 54767ac3ce9580f075fc58de450b5826 -> 4f00341341029b3e0e5b69341db515f6
  custom:scripting/monoscript/fileName/FileManage.cs: d1dfcfad55f66e169f187936ce367937 -> 5e4acff774afca1ded62d5517c512ff1
========================================================================
Received Prepare
Caller must complete domain reload
Begin MonoManager ReloadAssembly
- Loaded All Assemblies, in  0.406 seconds
Native extension for WindowsStandalone target not found
Native extension for Android target not found
Mono: successfully reloaded assembly
- Finished resetting the current domain, in  0.846 seconds
Domain Reload Profiling: 1251ms
	BeginReloadAssembly (132ms)
		ExecutionOrderSort (0ms)
		DisableScriptedObjects (5ms)
		BackupInstance (0ms)
		ReleaseScriptingObjects (0ms)
		CreateAndSetChildDomain (29ms)
	RebuildCommonClasses (35ms)
	RebuildNativeTypeToScriptingClass (14ms)
	initialDomainReloadingComplete (25ms)
	LoadAllAssembliesAndSetupDomain (199ms)
		LoadAssemblies (241ms)
		RebuildTransferFunctionScriptingTraits (0ms)
		AnalyzeDomain (28ms)
			TypeCache.Refresh (10ms)
				TypeCache.ScanAssembly (1ms)
			ScanForSourceGeneratedMonoScriptInfo (9ms)
			ResolveRequiredComponents (7ms)
	FinalizeReload (847ms)
		ReleaseScriptCaches (0ms)
		RebuildScriptCaches (0ms)
		SetupLoadedEditorAssemblies (436ms)
			LogAssemblyErrors (0ms)
			InitializePlatformSupportModulesInManaged (15ms)
			SetLoadedEditorAssemblies (5ms)
			RefreshPlugins (0ms)
			BeforeProcessingInitializeOnLoad (59ms)
			ProcessInitializeOnLoadAttributes (332ms)
			ProcessInitializeOnLoadMethodAttributes (21ms)
			AfterProcessingInitializeOnLoad (4ms)
			EditorAssembliesLoaded (0ms)
		ExecutionOrderSort2 (0ms)
		AwakeInstancesAfterBackupRestoration (6ms)
Refreshing native plugins compatible for Editor in 2.42 ms, found 3 plugins.
Preloading 0 native plugins for Editor in 0.00 ms.
Unloading 3111 Unused Serialized files (Serialized files now loaded: 0)
Unloading 14 unused Assets / (28.5 KB). Loaded Objects now: 3647.
Memory consumption went from 118.3 MB to 118.3 MB.
Total: 2.947400 ms (FindLiveObjects: 0.250900 ms CreateObjectMapping: 0.110300 ms MarkObjects: 2.531700 ms  DeleteObjects: 0.053300 ms)

Prepare: number of updated asset objects reloaded= 0
AssetImportParameters requested are different than current active one (requested -> active):
  custom:container-demuxer-ogg: 62fdf1f143b41e24485cea50d1cbac27 -> 
  custom:scripting/monoscript/fileName/JoystickPlayerExample.cs: b49ed73c06895c00887fd43b2fe13656 -> 2ec96b3abad264f4393a91b76b487cb7
  custom:scripting/monoscript/fileName/JoystickSetterExample.cs: 959f5a79520f07bdb5268f1ee0033001 -> 9ef810522df7cdd512f52a98ae7a04f9
  custom:video-codec-MediaFoundation-h265: 746d11721c4dcdbdad8f713fa42b33f4 -> 
  custom:video-decoder-ogg-theora: a1e56fd34408186e4bbccfd4996cb3dc -> 
  custom:scripting/monoscript/fileName/Ground.cs: 7415901f32c2a0c2fffe55ebf317a3a1 -> 280fef7541238b592d97063dffe109df
  custom:scripting/monoscript/fileName/SpawnBricks.cs: 0295cec3861e916e23a84d166a9927fb -> 582053d9acf820d5a958c8b726272972
  custom:framework-win-MediaFoundation: 216162199b28c13a410421893ffa2e32 -> 
  custom:scripting/monoscript/fileName/DynamicJoystick.cs: 0ab293606d3fa5fd65cbd65e1d06c400 -> fa6fdbd0de9beec4a70bc764c26bb796
  custom:CustomObjectIndexerAttribute: 9a22284fe3817be447336de3de66b15e -> 
  custom:container-demuxer-webm: 4f35f7cbe854078d1ac9338744f61a02 -> 
  custom:scripting/monoscript/fileName/FloatingJoystick.cs: 5ad2d6fd170f0b909c85d006ae763629 -> 516035e2342d093d90fb2bd11ff41e68
  custom:scripting/monoscript/fileName/CameraFollow.cs: f056d39a9671ab128d63c9d9e2ecd81c -> de990732cc429467f8f49571d0872163
  custom:container-muxer-webm: aa71ff27fc2769a1b78a27578f13a17b -> 
  custom:video-decoder-webm-vp8: 9c59270c3fd7afecdb556c50c9e8de78 -> 
  custom:SearchIndexIgnoredProperties: e643bd26f0fe6173181afceb89e7c659 -> 
  custom:AudioImporter_EditorPlatform: d09bf68614088b80899f8185d706f6e7 -> 
  custom:scripting/monoscript/fileName/Brick.cs: 8cb9078d1f2598bc7f04e3199315eb0f -> 60161998205bced4ef4cac3bf3df916a
  custom:scripting/monoscript/fileName/GameData.cs: acba89d778bbd02c9a876d1b37e0a182 -> 
  custom:scripting/monoscript/fileName/JoyStick.cs: 1851da0892d1309863d641cabde99ad3 -> 8ba6cfcd63d331fc66b98b069b66096e
  custom:video-encoder-webm-vp8: eb34c28f22e8b96e1ab97ce403110664 -> 
  custom:audio-decoder-ogg-vorbis: bf7c407c2cedff20999df2af8eb42d56 -> 
  custom:scripting/monoscript/fileName/VariableJoystick.cs: 39f03dc32328afe11ebf2977b1593dda -> 6a21e483212ef280c767be5522709419
  custom:scripting/monoscript/fileName/FixedJoystick.cs: 475c6e1ca66c78aed6c49f6039c5734b -> ceaced0056a716bd82a85e0f3d488361
  custom:scripting/monoscript/fileName/Joystick.cs: efd34e62618f1aa62f745acbb935ce75 -> c13c665079b3ba178e3a8ef05c62070b
  custom:scripting/monoscript/fileName/Player.cs: 5bb3fdd25abedb90511c7231fb5a2164 -> 007e2e63cbf915a2b71612a7f593548a
  custom:audio-encoder-webm-vorbis: bf7c407c2cedff20999df2af8eb42d56 -> 
  custom:scripting/precompiled-assembly-types:Assembly-CSharp: 54767ac3ce9580f075fc58de450b5826 -> 4f00341341029b3e0e5b69341db515f6
  custom:scripting/monoscript/fileName/FileManage.cs: d1dfcfad55f66e169f187936ce367937 -> 5e4acff774afca1ded62d5517c512ff1
========================================================================
Received Prepare
Caller must complete domain reload
Begin MonoManager ReloadAssembly
- Loaded All Assemblies, in  0.356 seconds
Native extension for WindowsStandalone target not found
Native extension for Android target not found
Mono: successfully reloaded assembly
- Finished resetting the current domain, in  0.723 seconds
Domain Reload Profiling: 1077ms
	BeginReloadAssembly (126ms)
		ExecutionOrderSort (0ms)
		DisableScriptedObjects (4ms)
		BackupInstance (0ms)
		ReleaseScriptingObjects (0ms)
		CreateAndSetChildDomain (29ms)
	RebuildCommonClasses (27ms)
	RebuildNativeTypeToScriptingClass (9ms)
	initialDomainReloadingComplete (22ms)
	LoadAllAssembliesAndSetupDomain (170ms)
		LoadAssemblies (217ms)
		RebuildTransferFunctionScriptingTraits (0ms)
		AnalyzeDomain (20ms)
			TypeCache.Refresh (9ms)
				TypeCache.ScanAssembly (0ms)
			ScanForSourceGeneratedMonoScriptInfo (6ms)
			ResolveRequiredComponents (4ms)
	FinalizeReload (723ms)
		ReleaseScriptCaches (0ms)
		RebuildScriptCaches (0ms)
		SetupLoadedEditorAssemblies (369ms)
			LogAssemblyErrors (0ms)
			InitializePlatformSupportModulesInManaged (16ms)
			SetLoadedEditorAssemblies (4ms)
			RefreshPlugins (0ms)
			BeforeProcessingInitializeOnLoad (53ms)
			ProcessInitializeOnLoadAttributes (272ms)
			ProcessInitializeOnLoadMethodAttributes (19ms)
			AfterProcessingInitializeOnLoad (5ms)
			EditorAssembliesLoaded (0ms)
		ExecutionOrderSort2 (0ms)
		AwakeInstancesAfterBackupRestoration (6ms)
Refreshing native plugins compatible for Editor in 2.09 ms, found 3 plugins.
Preloading 0 native plugins for Editor in 0.00 ms.
Unloading 3111 Unused Serialized files (Serialized files now loaded: 0)
Unloading 14 unused Assets / (28.5 KB). Loaded Objects now: 3650.
Memory consumption went from 118.3 MB to 118.3 MB.
Total: 2.541700 ms (FindLiveObjects: 0.226300 ms CreateObjectMapping: 0.068900 ms MarkObjects: 2.192600 ms  DeleteObjects: 0.052900 ms)

Prepare: number of updated asset objects reloaded= 0
AssetImportParameters requested are different than current active one (requested -> active):
  custom:container-demuxer-ogg: 62fdf1f143b41e24485cea50d1cbac27 -> 
  custom:scripting/monoscript/fileName/JoystickPlayerExample.cs: b49ed73c06895c00887fd43b2fe13656 -> 2ec96b3abad264f4393a91b76b487cb7
  custom:scripting/monoscript/fileName/JoystickSetterExample.cs: 959f5a79520f07bdb5268f1ee0033001 -> 9ef810522df7cdd512f52a98ae7a04f9
  custom:video-codec-MediaFoundation-h265: 746d11721c4dcdbdad8f713fa42b33f4 -> 
  custom:video-decoder-ogg-theora: a1e56fd34408186e4bbccfd4996cb3dc -> 
  custom:scripting/monoscript/fileName/Ground.cs: 7415901f32c2a0c2fffe55ebf317a3a1 -> 280fef7541238b592d97063dffe109df
  custom:scripting/monoscript/fileName/SpawnBricks.cs: 0295cec3861e916e23a84d166a9927fb -> 582053d9acf820d5a958c8b726272972
  custom:framework-win-MediaFoundation: 216162199b28c13a410421893ffa2e32 -> 
  custom:scripting/monoscript/fileName/DynamicJoystick.cs: 0ab293606d3fa5fd65cbd65e1d06c400 -> fa6fdbd0de9beec4a70bc764c26bb796
  custom:CustomObjectIndexerAttribute: 9a22284fe3817be447336de3de66b15e -> 
  custom:container-demuxer-webm: 4f35f7cbe854078d1ac9338744f61a02 -> 
  custom:scripting/monoscript/fileName/FloatingJoystick.cs: 5ad2d6fd170f0b909c85d006ae763629 -> 516035e2342d093d90fb2bd11ff41e68
  custom:scripting/monoscript/fileName/CameraFollow.cs: f056d39a9671ab128d63c9d9e2ecd81c -> de990732cc429467f8f49571d0872163
  custom:container-muxer-webm: aa71ff27fc2769a1b78a27578f13a17b -> 
  custom:video-decoder-webm-vp8: 9c59270c3fd7afecdb556c50c9e8de78 -> 
  custom:SearchIndexIgnoredProperties: e643bd26f0fe6173181afceb89e7c659 -> 
  custom:AudioImporter_EditorPlatform: d09bf68614088b80899f8185d706f6e7 -> 
  custom:scripting/monoscript/fileName/Brick.cs: 8cb9078d1f2598bc7f04e3199315eb0f -> 60161998205bced4ef4cac3bf3df916a
  custom:scripting/monoscript/fileName/GameData.cs: acba89d778bbd02c9a876d1b37e0a182 -> 
  custom:scripting/monoscript/fileName/JoyStick.cs: 1851da0892d1309863d641cabde99ad3 -> 8ba6cfcd63d331fc66b98b069b66096e
  custom:video-encoder-webm-vp8: eb34c28f22e8b96e1ab97ce403110664 -> 
  custom:audio-decoder-ogg-vorbis: bf7c407c2cedff20999df2af8eb42d56 -> 
  custom:scripting/monoscript/fileName/VariableJoystick.cs: 39f03dc32328afe11ebf2977b1593dda -> 6a21e483212ef280c767be5522709419
  custom:scripting/monoscript/fileName/FixedJoystick.cs: 475c6e1ca66c78aed6c49f6039c5734b -> ceaced0056a716bd82a85e0f3d488361
  custom:scripting/monoscript/fileName/Joystick.cs: efd34e62618f1aa62f745acbb935ce75 -> c13c665079b3ba178e3a8ef05c62070b
  custom:scripting/monoscript/fileName/Player.cs: 5bb3fdd25abedb90511c7231fb5a2164 -> 007e2e63cbf915a2b71612a7f593548a
  custom:audio-encoder-webm-vorbis: bf7c407c2cedff20999df2af8eb42d56 -> 
  custom:scripting/precompiled-assembly-types:Assembly-CSharp: 54767ac3ce9580f075fc58de450b5826 -> 4f00341341029b3e0e5b69341db515f6
  custom:scripting/monoscript/fileName/FileManage.cs: d1dfcfad55f66e169f187936ce367937 -> 5e4acff774afca1ded62d5517c512ff1
========================================================================
Received Prepare
Caller must complete domain reload
Begin MonoManager ReloadAssembly
- Loaded All Assemblies, in  0.343 seconds
Native extension for WindowsStandalone target not found
Native extension for Android target not found
Mono: successfully reloaded assembly
- Finished resetting the current domain, in  0.737 seconds
Domain Reload Profiling: 1079ms
	BeginReloadAssembly (125ms)
		ExecutionOrderSort (0ms)
		DisableScriptedObjects (5ms)
		BackupInstance (0ms)
		ReleaseScriptingObjects (0ms)
		CreateAndSetChildDomain (27ms)
	RebuildCommonClasses (27ms)
	RebuildNativeTypeToScriptingClass (9ms)
	initialDomainReloadingComplete (22ms)
	LoadAllAssembliesAndSetupDomain (158ms)
		LoadAssemblies (211ms)
		RebuildTransferFunctionScriptingTraits (0ms)
		AnalyzeDomain (12ms)
			TypeCache.Refresh (6ms)
				TypeCache.ScanAssembly (0ms)
			ScanForSourceGeneratedMonoScriptInfo (0ms)
			ResolveRequiredComponents (4ms)
	FinalizeReload (737ms)
		ReleaseScriptCaches (0ms)
		RebuildScriptCaches (0ms)
		SetupLoadedEditorAssemblies (393ms)
			LogAssemblyErrors (0ms)
			InitializePlatformSupportModulesInManaged (13ms)
			SetLoadedEditorAssemblies (4ms)
			RefreshPlugins (0ms)
			BeforeProcessingInitializeOnLoad (51ms)
			ProcessInitializeOnLoadAttributes (299ms)
			ProcessInitializeOnLoadMethodAttributes (23ms)
			AfterProcessingInitializeOnLoad (4ms)
			EditorAssembliesLoaded (0ms)
		ExecutionOrderSort2 (0ms)
		AwakeInstancesAfterBackupRestoration (6ms)
Refreshing native plugins compatible for Editor in 2.17 ms, found 3 plugins.
Preloading 0 native plugins for Editor in 0.00 ms.
Unloading 3111 Unused Serialized files (Serialized files now loaded: 0)
Unloading 14 unused Assets / (28.5 KB). Loaded Objects now: 3653.
Memory consumption went from 118.3 MB to 118.3 MB.
Total: 2.733300 ms (FindLiveObjects: 0.221900 ms CreateObjectMapping: 0.081400 ms MarkObjects: 2.375800 ms  DeleteObjects: 0.053200 ms)

Prepare: number of updated asset objects reloaded= 0
AssetImportParameters requested are different than current active one (requested -> active):
  custom:container-demuxer-ogg: 62fdf1f143b41e24485cea50d1cbac27 -> 
  custom:scripting/monoscript/fileName/JoystickPlayerExample.cs: b49ed73c06895c00887fd43b2fe13656 -> 2ec96b3abad264f4393a91b76b487cb7
  custom:scripting/monoscript/fileName/JoystickSetterExample.cs: 959f5a79520f07bdb5268f1ee0033001 -> 9ef810522df7cdd512f52a98ae7a04f9
  custom:video-codec-MediaFoundation-h265: 746d11721c4dcdbdad8f713fa42b33f4 -> 
  custom:video-decoder-ogg-theora: a1e56fd34408186e4bbccfd4996cb3dc -> 
  custom:scripting/monoscript/fileName/Ground.cs: 7415901f32c2a0c2fffe55ebf317a3a1 -> 280fef7541238b592d97063dffe109df
  custom:scripting/monoscript/fileName/SpawnBricks.cs: 0295cec3861e916e23a84d166a9927fb -> 582053d9acf820d5a958c8b726272972
  custom:framework-win-MediaFoundation: 216162199b28c13a410421893ffa2e32 -> 
  custom:scripting/monoscript/fileName/DynamicJoystick.cs: 0ab293606d3fa5fd65cbd65e1d06c400 -> fa6fdbd0de9beec4a70bc764c26bb796
  custom:CustomObjectIndexerAttribute: 9a22284fe3817be447336de3de66b15e -> 
  custom:container-demuxer-webm: 4f35f7cbe854078d1ac9338744f61a02 -> 
  custom:scripting/monoscript/fileName/FloatingJoystick.cs: 5ad2d6fd170f0b909c85d006ae763629 -> 516035e2342d093d90fb2bd11ff41e68
  custom:scripting/monoscript/fileName/CameraFollow.cs: f056d39a9671ab128d63c9d9e2ecd81c -> de990732cc429467f8f49571d0872163
  custom:container-muxer-webm: aa71ff27fc2769a1b78a27578f13a17b -> 
  custom:video-decoder-webm-vp8: 9c59270c3fd7afecdb556c50c9e8de78 -> 
  custom:SearchIndexIgnoredProperties: e643bd26f0fe6173181afceb89e7c659 -> 
  custom:AudioImporter_EditorPlatform: d09bf68614088b80899f8185d706f6e7 -> 
  custom:scripting/monoscript/fileName/Brick.cs: 8cb9078d1f2598bc7f04e3199315eb0f -> 60161998205bced4ef4cac3bf3df916a
  custom:scripting/monoscript/fileName/GameData.cs: acba89d778bbd02c9a876d1b37e0a182 -> 
  custom:scripting/monoscript/fileName/JoyStick.cs: 1851da0892d1309863d641cabde99ad3 -> 8ba6cfcd63d331fc66b98b069b66096e
  custom:video-encoder-webm-vp8: eb34c28f22e8b96e1ab97ce403110664 -> 
  custom:audio-decoder-ogg-vorbis: bf7c407c2cedff20999df2af8eb42d56 -> 
  custom:scripting/monoscript/fileName/VariableJoystick.cs: 39f03dc32328afe11ebf2977b1593dda -> 6a21e483212ef280c767be5522709419
  custom:scripting/monoscript/fileName/FixedJoystick.cs: 475c6e1ca66c78aed6c49f6039c5734b -> ceaced0056a716bd82a85e0f3d488361
  custom:scripting/monoscript/fileName/Joystick.cs: efd34e62618f1aa62f745acbb935ce75 -> c13c665079b3ba178e3a8ef05c62070b
  custom:scripting/monoscript/fileName/Player.cs: 5bb3fdd25abedb90511c7231fb5a2164 -> 007e2e63cbf915a2b71612a7f593548a
  custom:audio-encoder-webm-vorbis: bf7c407c2cedff20999df2af8eb42d56 -> 
  custom:scripting/precompiled-assembly-types:Assembly-CSharp: 54767ac3ce9580f075fc58de450b5826 -> 4f00341341029b3e0e5b69341db515f6
  custom:scripting/monoscript/fileName/FileManage.cs: d1dfcfad55f66e169f187936ce367937 -> 5e4acff774afca1ded62d5517c512ff1
========================================================================
Received Prepare
Caller must complete domain reload
Begin MonoManager ReloadAssembly
- Loaded All Assemblies, in  0.374 seconds
Native extension for WindowsStandalone target not found
Native extension for Android target not found
Mono: successfully reloaded assembly
- Finished resetting the current domain, in  0.728 seconds
Domain Reload Profiling: 1101ms
	BeginReloadAssembly (134ms)
		ExecutionOrderSort (0ms)
		DisableScriptedObjects (4ms)
		BackupInstance (0ms)
		ReleaseScriptingObjects (0ms)
		CreateAndSetChildDomain (32ms)
	RebuildCommonClasses (28ms)
	RebuildNativeTypeToScriptingClass (9ms)
	initialDomainReloadingComplete (22ms)
	LoadAllAssembliesAndSetupDomain (180ms)
		LoadAssemblies (229ms)
		RebuildTransferFunctionScriptingTraits (0ms)
		AnalyzeDomain (21ms)
			TypeCache.Refresh (8ms)
				TypeCache.ScanAssembly (0ms)
			ScanForSourceGeneratedMonoScriptInfo (7ms)
			ResolveRequiredComponents (5ms)
	FinalizeReload (729ms)
		ReleaseScriptCaches (0ms)
		RebuildScriptCaches (0ms)
		SetupLoadedEditorAssemblies (373ms)
			LogAssemblyErrors (0ms)
			InitializePlatformSupportModulesInManaged (15ms)
			SetLoadedEditorAssemblies (4ms)
			RefreshPlugins (0ms)
			BeforeProcessingInitializeOnLoad (53ms)
			ProcessInitializeOnLoadAttributes (281ms)
			ProcessInitializeOnLoadMethodAttributes (17ms)
			AfterProcessingInitializeOnLoad (4ms)
			EditorAssembliesLoaded (0ms)
		ExecutionOrderSort2 (0ms)
		AwakeInstancesAfterBackupRestoration (5ms)
Refreshing native plugins compatible for Editor in 2.02 ms, found 3 plugins.
Preloading 0 native plugins for Editor in 0.00 ms.
Unloading 3111 Unused Serialized files (Serialized files now loaded: 0)
Unloading 14 unused Assets / (28.5 KB). Loaded Objects now: 3656.
Memory consumption went from 118.3 MB to 118.3 MB.
Total: 2.785400 ms (FindLiveObjects: 0.266200 ms CreateObjectMapping: 0.072200 ms MarkObjects: 2.405000 ms  DeleteObjects: 0.041200 ms)

Prepare: number of updated asset objects reloaded= 0
AssetImportParameters requested are different than current active one (requested -> active):
  custom:container-demuxer-ogg: 62fdf1f143b41e24485cea50d1cbac27 -> 
  custom:scripting/monoscript/fileName/JoystickPlayerExample.cs: b49ed73c06895c00887fd43b2fe13656 -> 2ec96b3abad264f4393a91b76b487cb7
  custom:scripting/monoscript/fileName/JoystickSetterExample.cs: 959f5a79520f07bdb5268f1ee0033001 -> 9ef810522df7cdd512f52a98ae7a04f9
  custom:video-codec-MediaFoundation-h265: 746d11721c4dcdbdad8f713fa42b33f4 -> 
  custom:video-decoder-ogg-theora: a1e56fd34408186e4bbccfd4996cb3dc -> 
  custom:scripting/monoscript/fileName/Ground.cs: 7415901f32c2a0c2fffe55ebf317a3a1 -> 280fef7541238b592d97063dffe109df
  custom:scripting/monoscript/fileName/SpawnBricks.cs: 0295cec3861e916e23a84d166a9927fb -> 582053d9acf820d5a958c8b726272972
  custom:framework-win-MediaFoundation: 216162199b28c13a410421893ffa2e32 -> 
  custom:scripting/monoscript/fileName/DynamicJoystick.cs: 0ab293606d3fa5fd65cbd65e1d06c400 -> fa6fdbd0de9beec4a70bc764c26bb796
  custom:CustomObjectIndexerAttribute: 9a22284fe3817be447336de3de66b15e -> 
  custom:container-demuxer-webm: 4f35f7cbe854078d1ac9338744f61a02 -> 
  custom:scripting/monoscript/fileName/FloatingJoystick.cs: 5ad2d6fd170f0b909c85d006ae763629 -> 516035e2342d093d90fb2bd11ff41e68
  custom:scripting/monoscript/fileName/CameraFollow.cs: f056d39a9671ab128d63c9d9e2ecd81c -> de990732cc429467f8f49571d0872163
  custom:container-muxer-webm: aa71ff27fc2769a1b78a27578f13a17b -> 
  custom:video-decoder-webm-vp8: 9c59270c3fd7afecdb556c50c9e8de78 -> 
  custom:SearchIndexIgnoredProperties: e643bd26f0fe6173181afceb89e7c659 -> 
  custom:AudioImporter_EditorPlatform: d09bf68614088b80899f8185d706f6e7 -> 
  custom:scripting/monoscript/fileName/Brick.cs: 8cb9078d1f2598bc7f04e3199315eb0f -> 60161998205bced4ef4cac3bf3df916a
  custom:scripting/monoscript/fileName/GameData.cs: acba89d778bbd02c9a876d1b37e0a182 -> 
  custom:scripting/monoscript/fileName/JoyStick.cs: 1851da0892d1309863d641cabde99ad3 -> 8ba6cfcd63d331fc66b98b069b66096e
  custom:video-encoder-webm-vp8: eb34c28f22e8b96e1ab97ce403110664 -> 
  custom:audio-decoder-ogg-vorbis: bf7c407c2cedff20999df2af8eb42d56 -> 
  custom:scripting/monoscript/fileName/VariableJoystick.cs: 39f03dc32328afe11ebf2977b1593dda -> 6a21e483212ef280c767be5522709419
  custom:scripting/monoscript/fileName/FixedJoystick.cs: 475c6e1ca66c78aed6c49f6039c5734b -> ceaced0056a716bd82a85e0f3d488361
  custom:scripting/monoscript/fileName/Joystick.cs: efd34e62618f1aa62f745acbb935ce75 -> c13c665079b3ba178e3a8ef05c62070b
  custom:scripting/monoscript/fileName/Player.cs: 5bb3fdd25abedb90511c7231fb5a2164 -> 007e2e63cbf915a2b71612a7f593548a
  custom:audio-encoder-webm-vorbis: bf7c407c2cedff20999df2af8eb42d56 -> 
  custom:scripting/precompiled-assembly-types:Assembly-CSharp: 54767ac3ce9580f075fc58de450b5826 -> 4f00341341029b3e0e5b69341db515f6
  custom:scripting/monoscript/fileName/FileManage.cs: d1dfcfad55f66e169f187936ce367937 -> 5e4acff774afca1ded62d5517c512ff1
========================================================================
Received Prepare
Caller must complete domain reload
Begin MonoManager ReloadAssembly
- Loaded All Assemblies, in  0.373 seconds
Native extension for WindowsStandalone target not found
Native extension for Android target not found
Mono: successfully reloaded assembly
- Finished resetting the current domain, in  0.823 seconds
Domain Reload Profiling: 1195ms
	BeginReloadAssembly (125ms)
		ExecutionOrderSort (0ms)
		DisableScriptedObjects (6ms)
		BackupInstance (0ms)
		ReleaseScriptingObjects (0ms)
		CreateAndSetChildDomain (26ms)
	RebuildCommonClasses (34ms)
	RebuildNativeTypeToScriptingClass (9ms)
	initialDomainReloadingComplete (23ms)
	LoadAllAssembliesAndSetupDomain (181ms)
		LoadAssemblies (227ms)
		RebuildTransferFunctionScriptingTraits (0ms)
		AnalyzeDomain (19ms)
			TypeCache.Refresh (8ms)
				TypeCache.ScanAssembly (0ms)
			ScanForSourceGeneratedMonoScriptInfo (6ms)
			ResolveRequiredComponents (4ms)
	FinalizeReload (823ms)
		ReleaseScriptCaches (0ms)
		RebuildScriptCaches (0ms)
		SetupLoadedEditorAssemblies (446ms)
			LogAssemblyErrors (0ms)
			InitializePlatformSupportModulesInManaged (16ms)
			SetLoadedEditorAssemblies (4ms)
			RefreshPlugins (0ms)
			BeforeProcessingInitializeOnLoad (51ms)
			ProcessInitializeOnLoadAttributes (351ms)
			ProcessInitializeOnLoadMethodAttributes (19ms)
			AfterProcessingInitializeOnLoad (4ms)
			EditorAssembliesLoaded (0ms)
		ExecutionOrderSort2 (0ms)
		AwakeInstancesAfterBackupRestoration (6ms)
Refreshing native plugins compatible for Editor in 2.13 ms, found 3 plugins.
Preloading 0 native plugins for Editor in 0.00 ms.
Unloading 3111 Unused Serialized files (Serialized files now loaded: 0)
Unloading 14 unused Assets / (28.6 KB). Loaded Objects now: 3659.
Memory consumption went from 118.3 MB to 118.3 MB.
Total: 2.768100 ms (FindLiveObjects: 0.277800 ms CreateObjectMapping: 0.132000 ms MarkObjects: 2.312900 ms  DeleteObjects: 0.044600 ms)

Prepare: number of updated asset objects reloaded= 0
AssetImportParameters requested are different than current active one (requested -> active):
  custom:container-demuxer-ogg: 62fdf1f143b41e24485cea50d1cbac27 -> 
  custom:scripting/monoscript/fileName/JoystickPlayerExample.cs: b49ed73c06895c00887fd43b2fe13656 -> 2ec96b3abad264f4393a91b76b487cb7
  custom:scripting/monoscript/fileName/JoystickSetterExample.cs: 959f5a79520f07bdb5268f1ee0033001 -> 9ef810522df7cdd512f52a98ae7a04f9
  custom:video-codec-MediaFoundation-h265: 746d11721c4dcdbdad8f713fa42b33f4 -> 
  custom:video-decoder-ogg-theora: a1e56fd34408186e4bbccfd4996cb3dc -> 
  custom:scripting/monoscript/fileName/Ground.cs: 7415901f32c2a0c2fffe55ebf317a3a1 -> 280fef7541238b592d97063dffe109df
  custom:scripting/monoscript/fileName/SpawnBricks.cs: 0295cec3861e916e23a84d166a9927fb -> 582053d9acf820d5a958c8b726272972
  custom:framework-win-MediaFoundation: 216162199b28c13a410421893ffa2e32 -> 
  custom:scripting/monoscript/fileName/DynamicJoystick.cs: 0ab293606d3fa5fd65cbd65e1d06c400 -> fa6fdbd0de9beec4a70bc764c26bb796
  custom:CustomObjectIndexerAttribute: 9a22284fe3817be447336de3de66b15e -> 
  custom:container-demuxer-webm: 4f35f7cbe854078d1ac9338744f61a02 -> 
  custom:scripting/monoscript/fileName/FloatingJoystick.cs: 5ad2d6fd170f0b909c85d006ae763629 -> 516035e2342d093d90fb2bd11ff41e68
  custom:scripting/monoscript/fileName/CameraFollow.cs: f056d39a9671ab128d63c9d9e2ecd81c -> de990732cc429467f8f49571d0872163
  custom:container-muxer-webm: aa71ff27fc2769a1b78a27578f13a17b -> 
  custom:video-decoder-webm-vp8: 9c59270c3fd7afecdb556c50c9e8de78 -> 
  custom:SearchIndexIgnoredProperties: e643bd26f0fe6173181afceb89e7c659 -> 
  custom:AudioImporter_EditorPlatform: d09bf68614088b80899f8185d706f6e7 -> 
  custom:scripting/monoscript/fileName/Brick.cs: 8cb9078d1f2598bc7f04e3199315eb0f -> 60161998205bced4ef4cac3bf3df916a
  custom:scripting/monoscript/fileName/GameData.cs: acba89d778bbd02c9a876d1b37e0a182 -> 
  custom:scripting/monoscript/fileName/JoyStick.cs: 1851da0892d1309863d641cabde99ad3 -> 8ba6cfcd63d331fc66b98b069b66096e
  custom:video-encoder-webm-vp8: eb34c28f22e8b96e1ab97ce403110664 -> 
  custom:audio-decoder-ogg-vorbis: bf7c407c2cedff20999df2af8eb42d56 -> 
  custom:scripting/monoscript/fileName/VariableJoystick.cs: 39f03dc32328afe11ebf2977b1593dda -> 6a21e483212ef280c767be5522709419
  custom:scripting/monoscript/fileName/FixedJoystick.cs: 475c6e1ca66c78aed6c49f6039c5734b -> ceaced0056a716bd82a85e0f3d488361
  custom:scripting/monoscript/fileName/Joystick.cs: efd34e62618f1aa62f745acbb935ce75 -> c13c665079b3ba178e3a8ef05c62070b
  custom:scripting/monoscript/fileName/Player.cs: 5bb3fdd25abedb90511c7231fb5a2164 -> 007e2e63cbf915a2b71612a7f593548a
  custom:audio-encoder-webm-vorbis: bf7c407c2cedff20999df2af8eb42d56 -> 
  custom:scripting/precompiled-assembly-types:Assembly-CSharp: 54767ac3ce9580f075fc58de450b5826 -> 4f00341341029b3e0e5b69341db515f6
  custom:scripting/monoscript/fileName/FileManage.cs: d1dfcfad55f66e169f187936ce367937 -> 5e4acff774afca1ded62d5517c512ff1
========================================================================
Received Prepare
Caller must complete domain reload
Begin MonoManager ReloadAssembly
- Loaded All Assemblies, in  0.406 seconds
Native extension for WindowsStandalone target not found
Native extension for Android target not found
Mono: successfully reloaded assembly
- Finished resetting the current domain, in  0.854 seconds
Domain Reload Profiling: 1259ms
	BeginReloadAssembly (152ms)
		ExecutionOrderSort (0ms)
		DisableScriptedObjects (9ms)
		BackupInstance (0ms)
		ReleaseScriptingObjects (0ms)
		CreateAndSetChildDomain (31ms)
	RebuildCommonClasses (41ms)
	RebuildNativeTypeToScriptingClass (11ms)
	initialDomainReloadingComplete (27ms)
	LoadAllAssembliesAndSetupDomain (174ms)
		LoadAssemblies (232ms)
		RebuildTransferFunctionScriptingTraits (0ms)
		AnalyzeDomain (21ms)
			TypeCache.Refresh (8ms)
				TypeCache.ScanAssembly (0ms)
			ScanForSourceGeneratedMonoScriptInfo (6ms)
			ResolveRequiredComponents (5ms)
	FinalizeReload (855ms)
		ReleaseScriptCaches (0ms)
		RebuildScriptCaches (0ms)
		SetupLoadedEditorAssemblies (454ms)
			LogAssemblyErrors (0ms)
			InitializePlatformSupportModulesInManaged (15ms)
			SetLoadedEditorAssemblies (4ms)
			RefreshPlugins (0ms)
			BeforeProcessingInitializeOnLoad (61ms)
			ProcessInitializeOnLoadAttributes (343ms)
			ProcessInitializeOnLoadMethodAttributes (26ms)
			AfterProcessingInitializeOnLoad (5ms)
			EditorAssembliesLoaded (0ms)
		ExecutionOrderSort2 (0ms)
		AwakeInstancesAfterBackupRestoration (6ms)
Script is not up to date after domain reload: guid(79e19ab26231a9344a75f4830498ccb6) path("Assets/_Game/Scripts/Player.cs") state(2)
Refreshing native plugins compatible for Editor in 2.75 ms, found 3 plugins.
Preloading 0 native plugins for Editor in 0.00 ms.
Unloading 3110 Unused Serialized files (Serialized files now loaded: 0)
Unloading 14 unused Assets / (28.5 KB). Loaded Objects now: 3661.
Memory consumption went from 118.3 MB to 118.3 MB.
Total: 2.883500 ms (FindLiveObjects: 0.269400 ms CreateObjectMapping: 0.120700 ms MarkObjects: 2.453600 ms  DeleteObjects: 0.038600 ms)

Prepare: number of updated asset objects reloaded= 0
AssetImportParameters requested are different than current active one (requested -> active):
  custom:container-demuxer-ogg: 62fdf1f143b41e24485cea50d1cbac27 -> 
  custom:scripting/monoscript/fileName/JoystickPlayerExample.cs: b49ed73c06895c00887fd43b2fe13656 -> 2ec96b3abad264f4393a91b76b487cb7
  custom:scripting/monoscript/fileName/JoystickSetterExample.cs: 959f5a79520f07bdb5268f1ee0033001 -> 9ef810522df7cdd512f52a98ae7a04f9
  custom:video-codec-MediaFoundation-h265: 746d11721c4dcdbdad8f713fa42b33f4 -> 
  custom:video-decoder-ogg-theora: a1e56fd34408186e4bbccfd4996cb3dc -> 
  custom:scripting/monoscript/fileName/Ground.cs: 7415901f32c2a0c2fffe55ebf317a3a1 -> 280fef7541238b592d97063dffe109df
  custom:scripting/monoscript/fileName/SpawnBricks.cs: 0295cec3861e916e23a84d166a9927fb -> 582053d9acf820d5a958c8b726272972
  custom:framework-win-MediaFoundation: 216162199b28c13a410421893ffa2e32 -> 
  custom:scripting/monoscript/fileName/DynamicJoystick.cs: 0ab293606d3fa5fd65cbd65e1d06c400 -> fa6fdbd0de9beec4a70bc764c26bb796
  custom:CustomObjectIndexerAttribute: 9a22284fe3817be447336de3de66b15e -> 
  custom:container-demuxer-webm: 4f35f7cbe854078d1ac9338744f61a02 -> 
  custom:scripting/monoscript/fileName/FloatingJoystick.cs: 5ad2d6fd170f0b909c85d006ae763629 -> 516035e2342d093d90fb2bd11ff41e68
  custom:scripting/monoscript/fileName/CameraFollow.cs: f056d39a9671ab128d63c9d9e2ecd81c -> de990732cc429467f8f49571d0872163
  custom:container-muxer-webm: aa71ff27fc2769a1b78a27578f13a17b -> 
  custom:video-decoder-webm-vp8: 9c59270c3fd7afecdb556c50c9e8de78 -> 
  custom:SearchIndexIgnoredProperties: e643bd26f0fe6173181afceb89e7c659 -> 
  custom:AudioImporter_EditorPlatform: d09bf68614088b80899f8185d706f6e7 -> 
  custom:scripting/monoscript/fileName/Brick.cs: 8cb9078d1f2598bc7f04e3199315eb0f -> 60161998205bced4ef4cac3bf3df916a
  custom:scripting/monoscript/fileName/GameData.cs: acba89d778bbd02c9a876d1b37e0a182 -> 
  custom:scripting/monoscript/fileName/JoyStick.cs: 1851da0892d1309863d641cabde99ad3 -> 8ba6cfcd63d331fc66b98b069b66096e
  custom:video-encoder-webm-vp8: eb34c28f22e8b96e1ab97ce403110664 -> 
  custom:audio-decoder-ogg-vorbis: bf7c407c2cedff20999df2af8eb42d56 -> 
  custom:scripting/monoscript/fileName/VariableJoystick.cs: 39f03dc32328afe11ebf2977b1593dda -> 6a21e483212ef280c767be5522709419
  custom:scripting/monoscript/fileName/FixedJoystick.cs: 475c6e1ca66c78aed6c49f6039c5734b -> ceaced0056a716bd82a85e0f3d488361
  custom:scripting/monoscript/fileName/Joystick.cs: efd34e62618f1aa62f745acbb935ce75 -> c13c665079b3ba178e3a8ef05c62070b
  custom:scripting/monoscript/fileName/Player.cs: 5bb3fdd25abedb90511c7231fb5a2164 -> 007e2e63cbf915a2b71612a7f593548a
  custom:audio-encoder-webm-vorbis: bf7c407c2cedff20999df2af8eb42d56 -> 
  custom:scripting/precompiled-assembly-types:Assembly-CSharp: 54767ac3ce9580f075fc58de450b5826 -> 4f00341341029b3e0e5b69341db515f6
  custom:scripting/monoscript/fileName/FileManage.cs: d1dfcfad55f66e169f187936ce367937 -> 5e4acff774afca1ded62d5517c512ff1
========================================================================
Received Prepare
Caller must complete domain reload
Begin MonoManager ReloadAssembly
- Loaded All Assemblies, in  0.410 seconds
Native extension for WindowsStandalone target not found
Native extension for Android target not found
Mono: successfully reloaded assembly
- Finished resetting the current domain, in  0.772 seconds
Domain Reload Profiling: 1181ms
	BeginReloadAssembly (147ms)
		ExecutionOrderSort (0ms)
		DisableScriptedObjects (4ms)
		BackupInstance (0ms)
		ReleaseScriptingObjects (0ms)
		CreateAndSetChildDomain (28ms)
	RebuildCommonClasses (35ms)
	RebuildNativeTypeToScriptingClass (20ms)
	initialDomainReloadingComplete (26ms)
	LoadAllAssembliesAndSetupDomain (182ms)
		LoadAssemblies (247ms)
		RebuildTransferFunctionScriptingTraits (0ms)
		AnalyzeDomain (21ms)
			TypeCache.Refresh (10ms)
				TypeCache.ScanAssembly (1ms)
			ScanForSourceGeneratedMonoScriptInfo (6ms)
			ResolveRequiredComponents (4ms)
	FinalizeReload (772ms)
		ReleaseScriptCaches (0ms)
		RebuildScriptCaches (0ms)
		SetupLoadedEditorAssemblies (423ms)
			LogAssemblyErrors (0ms)
			InitializePlatformSupportModulesInManaged (16ms)
			SetLoadedEditorAssemblies (4ms)
			RefreshPlugins (0ms)
			BeforeProcessingInitializeOnLoad (53ms)
			ProcessInitializeOnLoadAttributes (318ms)
			ProcessInitializeOnLoadMethodAttributes (25ms)
			AfterProcessingInitializeOnLoad (5ms)
			EditorAssembliesLoaded (0ms)
		ExecutionOrderSort2 (0ms)
		AwakeInstancesAfterBackupRestoration (6ms)
Refreshing native plugins compatible for Editor in 2.61 ms, found 3 plugins.
Preloading 0 native plugins for Editor in 0.00 ms.
Unloading 3111 Unused Serialized files (Serialized files now loaded: 0)
Unloading 14 unused Assets / (28.5 KB). Loaded Objects now: 3665.
Memory consumption went from 118.3 MB to 118.3 MB.
Total: 3.013700 ms (FindLiveObjects: 0.346900 ms CreateObjectMapping: 0.136900 ms MarkObjects: 2.472300 ms  DeleteObjects: 0.055800 ms)

Prepare: number of updated asset objects reloaded= 0
AssetImportParameters requested are different than current active one (requested -> active):
  custom:container-demuxer-ogg: 62fdf1f143b41e24485cea50d1cbac27 -> 
  custom:scripting/monoscript/fileName/JoystickPlayerExample.cs: b49ed73c06895c00887fd43b2fe13656 -> 2ec96b3abad264f4393a91b76b487cb7
  custom:scripting/monoscript/fileName/JoystickSetterExample.cs: 959f5a79520f07bdb5268f1ee0033001 -> 9ef810522df7cdd512f52a98ae7a04f9
  custom:video-codec-MediaFoundation-h265: 746d11721c4dcdbdad8f713fa42b33f4 -> 
  custom:video-decoder-ogg-theora: a1e56fd34408186e4bbccfd4996cb3dc -> 
  custom:scripting/monoscript/fileName/Ground.cs: 7415901f32c2a0c2fffe55ebf317a3a1 -> 280fef7541238b592d97063dffe109df
  custom:scripting/monoscript/fileName/SpawnBricks.cs: 0295cec3861e916e23a84d166a9927fb -> 582053d9acf820d5a958c8b726272972
  custom:framework-win-MediaFoundation: 216162199b28c13a410421893ffa2e32 -> 
  custom:scripting/monoscript/fileName/DynamicJoystick.cs: 0ab293606d3fa5fd65cbd65e1d06c400 -> fa6fdbd0de9beec4a70bc764c26bb796
  custom:CustomObjectIndexerAttribute: 9a22284fe3817be447336de3de66b15e -> 
  custom:container-demuxer-webm: 4f35f7cbe854078d1ac9338744f61a02 -> 
  custom:scripting/monoscript/fileName/FloatingJoystick.cs: 5ad2d6fd170f0b909c85d006ae763629 -> 516035e2342d093d90fb2bd11ff41e68
  custom:scripting/monoscript/fileName/CameraFollow.cs: f056d39a9671ab128d63c9d9e2ecd81c -> de990732cc429467f8f49571d0872163
  custom:container-muxer-webm: aa71ff27fc2769a1b78a27578f13a17b -> 
  custom:video-decoder-webm-vp8: 9c59270c3fd7afecdb556c50c9e8de78 -> 
  custom:SearchIndexIgnoredProperties: e643bd26f0fe6173181afceb89e7c659 -> 
  custom:AudioImporter_EditorPlatform: d09bf68614088b80899f8185d706f6e7 -> 
  custom:scripting/monoscript/fileName/Brick.cs: 8cb9078d1f2598bc7f04e3199315eb0f -> 60161998205bced4ef4cac3bf3df916a
  custom:scripting/monoscript/fileName/GameData.cs: acba89d778bbd02c9a876d1b37e0a182 -> 
  custom:scripting/monoscript/fileName/JoyStick.cs: 1851da0892d1309863d641cabde99ad3 -> 8ba6cfcd63d331fc66b98b069b66096e
  custom:video-encoder-webm-vp8: eb34c28f22e8b96e1ab97ce403110664 -> 
  custom:audio-decoder-ogg-vorbis: bf7c407c2cedff20999df2af8eb42d56 -> 
  custom:scripting/monoscript/fileName/VariableJoystick.cs: 39f03dc32328afe11ebf2977b1593dda -> 6a21e483212ef280c767be5522709419
  custom:scripting/monoscript/fileName/FixedJoystick.cs: 475c6e1ca66c78aed6c49f6039c5734b -> ceaced0056a716bd82a85e0f3d488361
  custom:scripting/monoscript/fileName/Joystick.cs: efd34e62618f1aa62f745acbb935ce75 -> c13c665079b3ba178e3a8ef05c62070b
  custom:scripting/monoscript/fileName/Player.cs: 5bb3fdd25abedb90511c7231fb5a2164 -> 007e2e63cbf915a2b71612a7f593548a
  custom:audio-encoder-webm-vorbis: bf7c407c2cedff20999df2af8eb42d56 -> 
  custom:scripting/precompiled-assembly-types:Assembly-CSharp: 54767ac3ce9580f075fc58de450b5826 -> 4f00341341029b3e0e5b69341db515f6
  custom:scripting/monoscript/fileName/FileManage.cs: d1dfcfad55f66e169f187936ce367937 -> 5e4acff774afca1ded62d5517c512ff1
========================================================================
Received Prepare
Caller must complete domain reload
Begin MonoManager ReloadAssembly
- Loaded All Assemblies, in  0.364 seconds
Native extension for WindowsStandalone target not found
Native extension for Android target not found
Mono: successfully reloaded assembly
- Finished resetting the current domain, in  0.736 seconds
Domain Reload Profiling: 1099ms
	BeginReloadAssembly (146ms)
		ExecutionOrderSort (0ms)
		DisableScriptedObjects (3ms)
		BackupInstance (0ms)
		ReleaseScriptingObjects (0ms)
		CreateAndSetChildDomain (31ms)
	RebuildCommonClasses (26ms)
	RebuildNativeTypeToScriptingClass (9ms)
	initialDomainReloadingComplete (22ms)
	LoadAllAssembliesAndSetupDomain (159ms)
		LoadAssemblies (221ms)
		RebuildTransferFunctionScriptingTraits (0ms)
		AnalyzeDomain (12ms)
			TypeCache.Refresh (6ms)
				TypeCache.ScanAssembly (0ms)
			ScanForSourceGeneratedMonoScriptInfo (0ms)
			ResolveRequiredComponents (4ms)
	FinalizeReload (737ms)
		ReleaseScriptCaches (0ms)
		RebuildScriptCaches (0ms)
		SetupLoadedEditorAssemblies (391ms)
			LogAssemblyErrors (0ms)
			InitializePlatformSupportModulesInManaged (16ms)
			SetLoadedEditorAssemblies (4ms)
			RefreshPlugins (0ms)
			BeforeProcessingInitializeOnLoad (51ms)
			ProcessInitializeOnLoadAttributes (294ms)
			ProcessInitializeOnLoadMethodAttributes (20ms)
			AfterProcessingInitializeOnLoad (6ms)
			EditorAssembliesLoaded (0ms)
		ExecutionOrderSort2 (0ms)
		AwakeInstancesAfterBackupRestoration (7ms)
Refreshing native plugins compatible for Editor in 2.39 ms, found 3 plugins.
Preloading 0 native plugins for Editor in 0.00 ms.
Unloading 3111 Unused Serialized files (Serialized files now loaded: 0)
Unloading 14 unused Assets / (28.5 KB). Loaded Objects now: 3668.
Memory consumption went from 118.4 MB to 118.3 MB.
Total: 2.469700 ms (FindLiveObjects: 0.253000 ms CreateObjectMapping: 0.083200 ms MarkObjects: 2.089600 ms  DeleteObjects: 0.042800 ms)

Prepare: number of updated asset objects reloaded= 0
AssetImportParameters requested are different than current active one (requested -> active):
  custom:container-demuxer-ogg: 62fdf1f143b41e24485cea50d1cbac27 -> 
  custom:scripting/monoscript/fileName/JoystickPlayerExample.cs: b49ed73c06895c00887fd43b2fe13656 -> 2ec96b3abad264f4393a91b76b487cb7
  custom:scripting/monoscript/fileName/JoystickSetterExample.cs: 959f5a79520f07bdb5268f1ee0033001 -> 9ef810522df7cdd512f52a98ae7a04f9
  custom:video-codec-MediaFoundation-h265: 746d11721c4dcdbdad8f713fa42b33f4 -> 
  custom:video-decoder-ogg-theora: a1e56fd34408186e4bbccfd4996cb3dc -> 
  custom:scripting/monoscript/fileName/Ground.cs: 7415901f32c2a0c2fffe55ebf317a3a1 -> 280fef7541238b592d97063dffe109df
  custom:scripting/monoscript/fileName/SpawnBricks.cs: 0295cec3861e916e23a84d166a9927fb -> 582053d9acf820d5a958c8b726272972
  custom:framework-win-MediaFoundation: 216162199b28c13a410421893ffa2e32 -> 
  custom:scripting/monoscript/fileName/DynamicJoystick.cs: 0ab293606d3fa5fd65cbd65e1d06c400 -> fa6fdbd0de9beec4a70bc764c26bb796
  custom:CustomObjectIndexerAttribute: 9a22284fe3817be447336de3de66b15e -> 
  custom:container-demuxer-webm: 4f35f7cbe854078d1ac9338744f61a02 -> 
  custom:scripting/monoscript/fileName/FloatingJoystick.cs: 5ad2d6fd170f0b909c85d006ae763629 -> 516035e2342d093d90fb2bd11ff41e68
  custom:scripting/monoscript/fileName/CameraFollow.cs: f056d39a9671ab128d63c9d9e2ecd81c -> de990732cc429467f8f49571d0872163
  custom:container-muxer-webm: aa71ff27fc2769a1b78a27578f13a17b -> 
  custom:video-decoder-webm-vp8: 9c59270c3fd7afecdb556c50c9e8de78 -> 
  custom:SearchIndexIgnoredProperties: e643bd26f0fe6173181afceb89e7c659 -> 
  custom:AudioImporter_EditorPlatform: d09bf68614088b80899f8185d706f6e7 -> 
  custom:scripting/monoscript/fileName/Brick.cs: 8cb9078d1f2598bc7f04e3199315eb0f -> 60161998205bced4ef4cac3bf3df916a
  custom:scripting/monoscript/fileName/GameData.cs: acba89d778bbd02c9a876d1b37e0a182 -> 
  custom:scripting/monoscript/fileName/JoyStick.cs: 1851da0892d1309863d641cabde99ad3 -> 8ba6cfcd63d331fc66b98b069b66096e
  custom:video-encoder-webm-vp8: eb34c28f22e8b96e1ab97ce403110664 -> 
  custom:audio-decoder-ogg-vorbis: bf7c407c2cedff20999df2af8eb42d56 -> 
  custom:scripting/monoscript/fileName/VariableJoystick.cs: 39f03dc32328afe11ebf2977b1593dda -> 6a21e483212ef280c767be5522709419
  custom:scripting/monoscript/fileName/FixedJoystick.cs: 475c6e1ca66c78aed6c49f6039c5734b -> ceaced0056a716bd82a85e0f3d488361
  custom:scripting/monoscript/fileName/Joystick.cs: efd34e62618f1aa62f745acbb935ce75 -> c13c665079b3ba178e3a8ef05c62070b
  custom:scripting/monoscript/fileName/Player.cs: 5bb3fdd25abedb90511c7231fb5a2164 -> 007e2e63cbf915a2b71612a7f593548a
  custom:audio-encoder-webm-vorbis: bf7c407c2cedff20999df2af8eb42d56 -> 
  custom:scripting/precompiled-assembly-types:Assembly-CSharp: 54767ac3ce9580f075fc58de450b5826 -> 4f00341341029b3e0e5b69341db515f6
  custom:scripting/monoscript/fileName/FileManage.cs: d1dfcfad55f66e169f187936ce367937 -> 5e4acff774afca1ded62d5517c512ff1
========================================================================
Received Prepare
Caller must complete domain reload
Begin MonoManager ReloadAssembly
- Loaded All Assemblies, in  0.395 seconds
Native extension for WindowsStandalone target not found
Native extension for Android target not found
Mono: successfully reloaded assembly
- Finished resetting the current domain, in  0.827 seconds
Domain Reload Profiling: 1221ms
	BeginReloadAssembly (132ms)
		ExecutionOrderSort (0ms)
		DisableScriptedObjects (4ms)
		BackupInstance (0ms)
		ReleaseScriptingObjects (0ms)
		CreateAndSetChildDomain (31ms)
	RebuildCommonClasses (35ms)
	RebuildNativeTypeToScriptingClass (9ms)
	initialDomainReloadingComplete (24ms)
	LoadAllAssembliesAndSetupDomain (195ms)
		LoadAssemblies (244ms)
		RebuildTransferFunctionScriptingTraits (0ms)
		AnalyzeDomain (20ms)
			TypeCache.Refresh (8ms)
				TypeCache.ScanAssembly (0ms)
			ScanForSourceGeneratedMonoScriptInfo (6ms)
			ResolveRequiredComponents (4ms)
	FinalizeReload (827ms)
		ReleaseScriptCaches (0ms)
		RebuildScriptCaches (0ms)
		SetupLoadedEditorAssemblies (417ms)
			LogAssemblyErrors (0ms)
			InitializePlatformSupportModulesInManaged (17ms)
			SetLoadedEditorAssemblies (4ms)
			RefreshPlugins (0ms)
			BeforeProcessingInitializeOnLoad (52ms)
			ProcessInitializeOnLoadAttributes (315ms)
			ProcessInitializeOnLoadMethodAttributes (23ms)
			AfterProcessingInitializeOnLoad (7ms)
			EditorAssembliesLoaded (0ms)
		ExecutionOrderSort2 (0ms)
		AwakeInstancesAfterBackupRestoration (6ms)
Refreshing native plugins compatible for Editor in 2.15 ms, found 3 plugins.
Preloading 0 native plugins for Editor in 0.00 ms.
Unloading 3111 Unused Serialized files (Serialized files now loaded: 0)
Unloading 14 unused Assets / (28.5 KB). Loaded Objects now: 3671.
Memory consumption went from 118.4 MB to 118.3 MB.
Total: 2.792000 ms (FindLiveObjects: 0.334300 ms CreateObjectMapping: 0.184800 ms MarkObjects: 2.225400 ms  DeleteObjects: 0.046500 ms)

Prepare: number of updated asset objects reloaded= 0
AssetImportParameters requested are different than current active one (requested -> active):
  custom:container-demuxer-ogg: 62fdf1f143b41e24485cea50d1cbac27 -> 
  custom:scripting/monoscript/fileName/JoystickPlayerExample.cs: b49ed73c06895c00887fd43b2fe13656 -> 2ec96b3abad264f4393a91b76b487cb7
  custom:scripting/monoscript/fileName/JoystickSetterExample.cs: 959f5a79520f07bdb5268f1ee0033001 -> 9ef810522df7cdd512f52a98ae7a04f9
  custom:video-codec-MediaFoundation-h265: 746d11721c4dcdbdad8f713fa42b33f4 -> 
  custom:video-decoder-ogg-theora: a1e56fd34408186e4bbccfd4996cb3dc -> 
  custom:scripting/monoscript/fileName/Ground.cs: 7415901f32c2a0c2fffe55ebf317a3a1 -> 280fef7541238b592d97063dffe109df
  custom:scripting/monoscript/fileName/SpawnBricks.cs: 0295cec3861e916e23a84d166a9927fb -> 582053d9acf820d5a958c8b726272972
  custom:framework-win-MediaFoundation: 216162199b28c13a410421893ffa2e32 -> 
  custom:scripting/monoscript/fileName/DynamicJoystick.cs: 0ab293606d3fa5fd65cbd65e1d06c400 -> fa6fdbd0de9beec4a70bc764c26bb796
  custom:CustomObjectIndexerAttribute: 9a22284fe3817be447336de3de66b15e -> 
  custom:container-demuxer-webm: 4f35f7cbe854078d1ac9338744f61a02 -> 
  custom:scripting/monoscript/fileName/FloatingJoystick.cs: 5ad2d6fd170f0b909c85d006ae763629 -> 516035e2342d093d90fb2bd11ff41e68
  custom:scripting/monoscript/fileName/CameraFollow.cs: f056d39a9671ab128d63c9d9e2ecd81c -> de990732cc429467f8f49571d0872163
  custom:container-muxer-webm: aa71ff27fc2769a1b78a27578f13a17b -> 
  custom:video-decoder-webm-vp8: 9c59270c3fd7afecdb556c50c9e8de78 -> 
  custom:SearchIndexIgnoredProperties: e643bd26f0fe6173181afceb89e7c659 -> 
  custom:AudioImporter_EditorPlatform: d09bf68614088b80899f8185d706f6e7 -> 
  custom:scripting/monoscript/fileName/Brick.cs: 8cb9078d1f2598bc7f04e3199315eb0f -> 60161998205bced4ef4cac3bf3df916a
  custom:scripting/monoscript/fileName/GameData.cs: acba89d778bbd02c9a876d1b37e0a182 -> 
  custom:scripting/monoscript/fileName/JoyStick.cs: 1851da0892d1309863d641cabde99ad3 -> 8ba6cfcd63d331fc66b98b069b66096e
  custom:video-encoder-webm-vp8: eb34c28f22e8b96e1ab97ce403110664 -> 
  custom:audio-decoder-ogg-vorbis: bf7c407c2cedff20999df2af8eb42d56 -> 
  custom:scripting/monoscript/fileName/VariableJoystick.cs: 39f03dc32328afe11ebf2977b1593dda -> 6a21e483212ef280c767be5522709419
  custom:scripting/monoscript/fileName/FixedJoystick.cs: 475c6e1ca66c78aed6c49f6039c5734b -> ceaced0056a716bd82a85e0f3d488361
  custom:scripting/monoscript/fileName/Joystick.cs: efd34e62618f1aa62f745acbb935ce75 -> c13c665079b3ba178e3a8ef05c62070b
  custom:scripting/monoscript/fileName/Player.cs: 5bb3fdd25abedb90511c7231fb5a2164 -> 007e2e63cbf915a2b71612a7f593548a
  custom:audio-encoder-webm-vorbis: bf7c407c2cedff20999df2af8eb42d56 -> 
  custom:scripting/precompiled-assembly-types:Assembly-CSharp: 54767ac3ce9580f075fc58de450b5826 -> 4f00341341029b3e0e5b69341db515f6
  custom:scripting/monoscript/fileName/FileManage.cs: d1dfcfad55f66e169f187936ce367937 -> 5e4acff774afca1ded62d5517c512ff1
========================================================================
Received Prepare
Caller must complete domain reload
Begin MonoManager ReloadAssembly
- Loaded All Assemblies, in  0.347 seconds
Native extension for WindowsStandalone target not found
Native extension for Android target not found
Mono: successfully reloaded assembly
- Finished resetting the current domain, in  0.742 seconds
Domain Reload Profiling: 1088ms
	BeginReloadAssembly (130ms)
		ExecutionOrderSort (0ms)
		DisableScriptedObjects (4ms)
		BackupInstance (0ms)
		ReleaseScriptingObjects (0ms)
		CreateAndSetChildDomain (31ms)
	RebuildCommonClasses (27ms)
	RebuildNativeTypeToScriptingClass (9ms)
	initialDomainReloadingComplete (21ms)
	LoadAllAssembliesAndSetupDomain (158ms)
		LoadAssemblies (212ms)
		RebuildTransferFunctionScriptingTraits (0ms)
		AnalyzeDomain (14ms)
			TypeCache.Refresh (7ms)
				TypeCache.ScanAssembly (0ms)
			ScanForSourceGeneratedMonoScriptInfo (0ms)
			ResolveRequiredComponents (5ms)
	FinalizeReload (743ms)
		ReleaseScriptCaches (0ms)
		RebuildScriptCaches (0ms)
		SetupLoadedEditorAssemblies (396ms)
			LogAssemblyErrors (0ms)
			InitializePlatformSupportModulesInManaged (13ms)
			SetLoadedEditorAssemblies (4ms)
			RefreshPlugins (0ms)
			BeforeProcessingInitializeOnLoad (52ms)
			ProcessInitializeOnLoadAttributes (303ms)
			ProcessInitializeOnLoadMethodAttributes (20ms)
			AfterProcessingInitializeOnLoad (4ms)
			EditorAssembliesLoaded (0ms)
		ExecutionOrderSort2 (0ms)
		AwakeInstancesAfterBackupRestoration (5ms)
Refreshing native plugins compatible for Editor in 2.14 ms, found 3 plugins.
Preloading 0 native plugins for Editor in 0.00 ms.
Unloading 3111 Unused Serialized files (Serialized files now loaded: 0)
Unloading 14 unused Assets / (28.6 KB). Loaded Objects now: 3674.
Memory consumption went from 118.4 MB to 118.3 MB.
Total: 2.552900 ms (FindLiveObjects: 0.237100 ms CreateObjectMapping: 0.084300 ms MarkObjects: 2.188600 ms  DeleteObjects: 0.041900 ms)

Prepare: number of updated asset objects reloaded= 0
AssetImportParameters requested are different than current active one (requested -> active):
  custom:container-demuxer-ogg: 62fdf1f143b41e24485cea50d1cbac27 -> 
  custom:scripting/monoscript/fileName/JoystickPlayerExample.cs: b49ed73c06895c00887fd43b2fe13656 -> 2ec96b3abad264f4393a91b76b487cb7
  custom:scripting/monoscript/fileName/JoystickSetterExample.cs: 959f5a79520f07bdb5268f1ee0033001 -> 9ef810522df7cdd512f52a98ae7a04f9
  custom:video-codec-MediaFoundation-h265: 746d11721c4dcdbdad8f713fa42b33f4 -> 
  custom:video-decoder-ogg-theora: a1e56fd34408186e4bbccfd4996cb3dc -> 
  custom:scripting/monoscript/fileName/Ground.cs: 7415901f32c2a0c2fffe55ebf317a3a1 -> 280fef7541238b592d97063dffe109df
  custom:scripting/monoscript/fileName/SpawnBricks.cs: 0295cec3861e916e23a84d166a9927fb -> 582053d9acf820d5a958c8b726272972
  custom:framework-win-MediaFoundation: 216162199b28c13a410421893ffa2e32 -> 
  custom:scripting/monoscript/fileName/DynamicJoystick.cs: 0ab293606d3fa5fd65cbd65e1d06c400 -> fa6fdbd0de9beec4a70bc764c26bb796
  custom:CustomObjectIndexerAttribute: 9a22284fe3817be447336de3de66b15e -> 
  custom:container-demuxer-webm: 4f35f7cbe854078d1ac9338744f61a02 -> 
  custom:scripting/monoscript/fileName/FloatingJoystick.cs: 5ad2d6fd170f0b909c85d006ae763629 -> 516035e2342d093d90fb2bd11ff41e68
  custom:scripting/monoscript/fileName/CameraFollow.cs: f056d39a9671ab128d63c9d9e2ecd81c -> de990732cc429467f8f49571d0872163
  custom:container-muxer-webm: aa71ff27fc2769a1b78a27578f13a17b -> 
  custom:video-decoder-webm-vp8: 9c59270c3fd7afecdb556c50c9e8de78 -> 
  custom:SearchIndexIgnoredProperties: e643bd26f0fe6173181afceb89e7c659 -> 
  custom:AudioImporter_EditorPlatform: d09bf68614088b80899f8185d706f6e7 -> 
  custom:scripting/monoscript/fileName/Brick.cs: 8cb9078d1f2598bc7f04e3199315eb0f -> 60161998205bced4ef4cac3bf3df916a
  custom:scripting/monoscript/fileName/GameData.cs: acba89d778bbd02c9a876d1b37e0a182 -> 
  custom:scripting/monoscript/fileName/JoyStick.cs: 1851da0892d1309863d641cabde99ad3 -> 8ba6cfcd63d331fc66b98b069b66096e
  custom:video-encoder-webm-vp8: eb34c28f22e8b96e1ab97ce403110664 -> 
  custom:audio-decoder-ogg-vorbis: bf7c407c2cedff20999df2af8eb42d56 -> 
  custom:scripting/monoscript/fileName/VariableJoystick.cs: 39f03dc32328afe11ebf2977b1593dda -> 6a21e483212ef280c767be5522709419
  custom:scripting/monoscript/fileName/FixedJoystick.cs: 475c6e1ca66c78aed6c49f6039c5734b -> ceaced0056a716bd82a85e0f3d488361
  custom:scripting/monoscript/fileName/Joystick.cs: efd34e62618f1aa62f745acbb935ce75 -> c13c665079b3ba178e3a8ef05c62070b
  custom:scripting/monoscript/fileName/Player.cs: 5bb3fdd25abedb90511c7231fb5a2164 -> 007e2e63cbf915a2b71612a7f593548a
  custom:audio-encoder-webm-vorbis: bf7c407c2cedff20999df2af8eb42d56 -> 
  custom:scripting/precompiled-assembly-types:Assembly-CSharp: 54767ac3ce9580f075fc58de450b5826 -> 4f00341341029b3e0e5b69341db515f6
  custom:scripting/monoscript/fileName/FileManage.cs: d1dfcfad55f66e169f187936ce367937 -> 5e4acff774afca1ded62d5517c512ff1
========================================================================
Received Import Request.
  Time since last request: 2709.863870 seconds.
  path: Assets/_Game/Scripts/FileManage.cs
  artifactKey: Guid(fc90a44a32bfda14a9244782f47b8665) Importer(815301076,1909f56bfc062723c751e8b465ee728b)
Start importing Assets/_Game/Scripts/FileManage.cs using Guid(fc90a44a32bfda14a9244782f47b8665) Importer(815301076,1909f56bfc062723c751e8b465ee728b) [PhysX] Initialized MultithreadedTaskDispatcher with 16 workers.
 -> (artifact id: '266cfa4818ab9eb4de914a393f120687') in 0.003027 seconds
Number of updated asset objects reloaded before import = 0
Number of asset objects unloaded after import = 0
========================================================================
Received Prepare
Caller must complete domain reload
Begin MonoManager ReloadAssembly
- Loaded All Assemblies, in  0.383 seconds
Native extension for WindowsStandalone target not found
Native extension for Android target not found
Mono: successfully reloaded assembly
- Finished resetting the current domain, in  0.807 seconds
Domain Reload Profiling: 1188ms
	BeginReloadAssembly (125ms)
		ExecutionOrderSort (0ms)
		DisableScriptedObjects (3ms)
		BackupInstance (0ms)
		ReleaseScriptingObjects (0ms)
		CreateAndSetChildDomain (28ms)
	RebuildCommonClasses (26ms)
	RebuildNativeTypeToScriptingClass (9ms)
	initialDomainReloadingComplete (24ms)
	LoadAllAssembliesAndSetupDomain (196ms)
		LoadAssemblies (251ms)
		RebuildTransferFunctionScriptingTraits (0ms)
		AnalyzeDomain (12ms)
			TypeCache.Refresh (6ms)
				TypeCache.ScanAssembly (0ms)
			ScanForSourceGeneratedMonoScriptInfo (0ms)
			ResolveRequiredComponents (5ms)
	FinalizeReload (807ms)
		ReleaseScriptCaches (0ms)
		RebuildScriptCaches (0ms)
		SetupLoadedEditorAssemblies (402ms)
			LogAssemblyErrors (0ms)
			InitializePlatformSupportModulesInManaged (15ms)
			SetLoadedEditorAssemblies (4ms)
			RefreshPlugins (0ms)
			BeforeProcessingInitializeOnLoad (51ms)
			ProcessInitializeOnLoadAttributes (306ms)
			ProcessInitializeOnLoadMethodAttributes (22ms)
			AfterProcessingInitializeOnLoad (4ms)
			EditorAssembliesLoaded (0ms)
		ExecutionOrderSort2 (0ms)
		AwakeInstancesAfterBackupRestoration (5ms)
Refreshing native plugins compatible for Editor in 2.27 ms, found 3 plugins.
Preloading 0 native plugins for Editor in 0.00 ms.
Unloading 3110 Unused Serialized files (Serialized files now loaded: 0)
Unloading 14 unused Assets / (28.5 KB). Loaded Objects now: 3677.
Memory consumption went from 118.1 MB to 118.1 MB.
Total: 2.565000 ms (FindLiveObjects: 0.252900 ms CreateObjectMapping: 0.078600 ms MarkObjects: 2.189000 ms  DeleteObjects: 0.042700 ms)

Prepare: number of updated asset objects reloaded= 0
AssetImportParameters requested are different than current active one (requested -> active):
  custom:container-demuxer-ogg: 62fdf1f143b41e24485cea50d1cbac27 -> 
  custom:scripting/monoscript/fileName/JoystickPlayerExample.cs: b49ed73c06895c00887fd43b2fe13656 -> 2ec96b3abad264f4393a91b76b487cb7
  custom:scripting/monoscript/fileName/JoystickSetterExample.cs: 959f5a79520f07bdb5268f1ee0033001 -> 9ef810522df7cdd512f52a98ae7a04f9
  custom:video-codec-MediaFoundation-h265: 746d11721c4dcdbdad8f713fa42b33f4 -> 
  custom:video-decoder-ogg-theora: a1e56fd34408186e4bbccfd4996cb3dc -> 
  custom:scripting/monoscript/fileName/Ground.cs: 7415901f32c2a0c2fffe55ebf317a3a1 -> 280fef7541238b592d97063dffe109df
  custom:scripting/monoscript/fileName/SpawnBricks.cs: 0295cec3861e916e23a84d166a9927fb -> 582053d9acf820d5a958c8b726272972
  custom:framework-win-MediaFoundation: 216162199b28c13a410421893ffa2e32 -> 
  custom:scripting/monoscript/fileName/DynamicJoystick.cs: 0ab293606d3fa5fd65cbd65e1d06c400 -> fa6fdbd0de9beec4a70bc764c26bb796
  custom:CustomObjectIndexerAttribute: 9a22284fe3817be447336de3de66b15e -> 
  custom:container-demuxer-webm: 4f35f7cbe854078d1ac9338744f61a02 -> 
  custom:scripting/monoscript/fileName/FloatingJoystick.cs: 5ad2d6fd170f0b909c85d006ae763629 -> 516035e2342d093d90fb2bd11ff41e68
  custom:scripting/monoscript/fileName/CameraFollow.cs: f056d39a9671ab128d63c9d9e2ecd81c -> de990732cc429467f8f49571d0872163
  custom:container-muxer-webm: aa71ff27fc2769a1b78a27578f13a17b -> 
  custom:video-decoder-webm-vp8: 9c59270c3fd7afecdb556c50c9e8de78 -> 
  custom:SearchIndexIgnoredProperties: e643bd26f0fe6173181afceb89e7c659 -> 
  custom:AudioImporter_EditorPlatform: d09bf68614088b80899f8185d706f6e7 -> 
  custom:scripting/monoscript/fileName/Brick.cs: 8cb9078d1f2598bc7f04e3199315eb0f -> 60161998205bced4ef4cac3bf3df916a
  custom:scripting/monoscript/fileName/GameData.cs: acba89d778bbd02c9a876d1b37e0a182 -> 
  custom:scripting/monoscript/fileName/JoyStick.cs: 1851da0892d1309863d641cabde99ad3 -> 8ba6cfcd63d331fc66b98b069b66096e
  custom:video-encoder-webm-vp8: eb34c28f22e8b96e1ab97ce403110664 -> 
  custom:audio-decoder-ogg-vorbis: bf7c407c2cedff20999df2af8eb42d56 -> 
  custom:scripting/monoscript/fileName/VariableJoystick.cs: 39f03dc32328afe11ebf2977b1593dda -> 6a21e483212ef280c767be5522709419
  custom:scripting/monoscript/fileName/FixedJoystick.cs: 475c6e1ca66c78aed6c49f6039c5734b -> ceaced0056a716bd82a85e0f3d488361
  custom:scripting/monoscript/fileName/Joystick.cs: efd34e62618f1aa62f745acbb935ce75 -> c13c665079b3ba178e3a8ef05c62070b
  custom:scripting/monoscript/fileName/Player.cs: 5bb3fdd25abedb90511c7231fb5a2164 -> 007e2e63cbf915a2b71612a7f593548a
  custom:audio-encoder-webm-vorbis: bf7c407c2cedff20999df2af8eb42d56 -> 
  custom:scripting/precompiled-assembly-types:Assembly-CSharp: 54767ac3ce9580f075fc58de450b5826 -> 4f00341341029b3e0e5b69341db515f6
  custom:scripting/monoscript/fileName/FileManage.cs: d1dfcfad55f66e169f187936ce367937 -> 5e4acff774afca1ded62d5517c512ff1
